Id,Nome,Biblioteca de formas,ID da p´ágina,Contido por,Grupo,Origem da linha,Destino da linha,Seta de origem,Seta de destino,Status,Área de texto 1,Área de texto 2,Área de texto 3,Área de texto 4,Área de texto 5,Área de texto 6,Área de texto 7,Área de texto 8,Área de texto 9,Área de texto 10,Área de texto 11,Área de texto 12,Área de texto 13,Área de texto 14,Área de texto 15,Área de texto 16,Área de texto 17,Área de texto 18,Área de texto 19,Área de texto 20,Área de texto 21,Área de texto 22,Área de texto 23,Área de texto 24,Área de texto 25,Área de texto 26,Área de texto 27,Área de texto 28,Área de texto 29,Área de texto 30,Área de texto 31,Área de texto 32,Área de texto 33,Área de texto 34,Área de texto 35,Área de texto 36,Área de texto 37,Área de texto 38,Área de texto 39,Área de texto 40,Área de texto 41,Área de texto 42,Área de texto 43,Área de texto 44,Área de texto 45,Área de texto 46,Área de texto 47,Área de texto 48,Área de texto 49,Área de texto 50,Área de texto 51,Área de texto 52,Área de texto 53,Área de texto 54,Área de texto 55,Área de texto 56,Área de texto 57,Área de texto 58,Área de texto 59,Área de texto 60,Área de texto 61,Área de texto 62,Área de texto 63,Área de texto 64,Área de texto 65,Área de texto 66,Área de texto 67,Área de texto 68,Área de texto 69,Área de texto 70,Área de texto 71,Área de texto 72,Área de texto 73,Área de texto 74,Área de texto 75,Área de texto 76,Área de texto 77,Área de texto 78,Área de texto 79,Área de texto 80,Área de texto 81,Área de texto 82,Área de texto 83,Área de texto 84,Área de texto 85,Área de texto 86,Área de texto 87,Área de texto 88,Área de texto 89,Área de texto 90,Área de texto 91,Área de texto 92,Área de texto 93,Área de texto 94,Área de texto 95,Área de texto 96,Área de texto 97,Área de texto 98,Área de texto 99,Área de texto 100,Área de texto 101,Área de texto 102,Área de texto 103,Área de texto 104,Área de texto 105,Área de texto 106,Área de texto 107,Área de texto 108,Área de texto 109,Área de texto 110,Área de texto 111,Área de texto 112,Área de texto 113,Área de texto 114,Área de texto 115,Área de texto 116,Área de texto 117,Área de texto 118,Área de texto 119,Área de texto 120,Área de texto 121,Área de texto 122,Área de texto 123,Área de texto 124,Área de texto 125,Área de texto 126,Área de texto 127,Área de texto 128,Área de texto 129,Área de texto 130,Área de texto 131,Área de texto 132,Área de texto 133,Área de texto 134,Área de texto 135,Área de texto 136,Área de texto 137,Área de texto 138,Área de texto 139,Área de texto 140,Área de texto 141,Área de texto 142,Área de texto 143,Área de texto 144,Área de texto 145,Área de texto 146,Área de texto 147,Área de texto 148,Área de texto 149,Área de texto 150,Área de texto 151,Área de texto 152,Área de texto 153,Área de texto 154,Área de texto 155,Área de texto 156,Área de texto 157,Área de texto 158,Área de texto 159,Área de texto 160,Área de texto 161,Área de texto 162,Área de texto 163,Área de texto 164,Área de texto 165,Área de texto 166,Área de texto 167,Área de texto 168,Área de texto 169,Área de texto 170,Área de texto 171,Área de texto 172,Área de texto 173,Área de texto 174,Área de texto 175,Área de texto 176,Área de texto 177,Área de texto 178,Área de texto 179,Área de texto 180,Área de texto 181,Área de texto 182,Área de texto 183,Área de texto 184,Área de texto 185,Área de texto 186,Área de texto 187,Área de texto 188,Área de texto 189,Área de texto 190,Área de texto 191,Área de texto 192,Área de texto 193,Área de texto 194,Área de texto 195,Área de texto 196,Área de texto 197,Área de texto 198,Área de texto 199,Área de texto 200,Área de texto 201,Área de texto 202,Área de texto 203,Área de texto 204,Área de texto 205,Área de texto 206,Área de texto 207,Área de texto 208,Área de texto 209,Área de texto 210,Área de texto 211,Área de texto 212,Área de texto 213,Área de texto 214,Área de texto 215,Área de texto 216,Área de texto 217,Área de texto 218,Área de texto 219,Área de texto 220,Área de texto 221,Área de texto 222,Área de texto 223,Área de texto 224,Área de texto 225,Área de texto 226,Área de texto 227,Área de texto 228,Área de texto 229,Área de texto 230,Área de texto 231,Área de texto 232,Área de texto 233,Área de texto 234,Área de texto 235,Área de texto 236,Área de texto 237,Área de texto 238,Área de texto 239,Área de texto 240,Área de texto 241,Área de texto 242,Área de texto 243,Área de texto 244,Área de texto 245,Área de texto 246,Área de texto 247,Área de texto 248,Área de texto 249,Área de texto 250,Área de texto 251,Área de texto 252,Área de texto 253,Área de texto 254,Área de texto 255,Área de texto 256,Área de texto 257,Área de texto 258,Área de texto 259,Área de texto 260,Área de texto 261,Área de texto 262,Área de texto 263,Área de texto 264,Área de texto 265,Área de texto 266,Área de texto 267,Área de texto 268,Área de texto 269,Área de texto 270,Área de texto 271,Área de texto 272,Área de texto 273,Área de texto 274,Área de texto 275,Área de texto 276,Área de texto 277,Área de texto 278,Área de texto 279,Área de texto 280,Área de texto 281,Área de texto 282,Área de texto 283,Área de texto 284,Área de texto 285,Área de texto 286,Área de texto 287,Área de texto 288,Área de texto 289,Área de texto 290,Área de texto 291,Área de texto 292,Área de texto 293,Área de texto 294,Área de texto 295,Área de texto 296,Área de texto 297,Área de texto 298,Área de texto 299,Área de texto 300,Área de texto 301,Área de texto 302,Área de texto 303,Área de texto 304,Área de texto 305,Área de texto 306,Área de texto 307,Área de texto 308,Área de texto 309,Área de texto 310,Área de texto 311,Área de texto 312,Área de texto 313,Área de texto 314,Área de texto 315,Área de texto 316,Área de texto 317,Área de texto 318,Área de texto 319,Área de texto 320,Área de texto 321,Área de texto 322,Área de texto 323,Área de texto 324,Área de texto 325,Área de texto 326,Área de texto 327,Área de texto 328,Área de texto 329,Área de texto 330,Área de texto 331,Área de texto 332,Área de texto 333,Área de texto 334,Área de texto 335,Área de texto 336,Área de texto 337,Área de texto 338,Área de texto 339,Área de texto 340,Área de texto 341,Área de texto 342,Área de texto 343,Área de texto 344,Área de texto 345,Área de texto 346,Área de texto 347,Área de texto 348,Área de texto 349,Área de texto 350,Área de texto 351,Área de texto 352,Área de texto 353,Área de texto 354,Área de texto 355,Área de texto 356,Área de texto 357,Área de texto 358,Área de texto 359,Área de texto 360,Área de texto 361,Área de texto 362,Área de texto 363,Área de texto 364,Área de texto 365,Área de texto 366,Área de texto 367,Área de texto 368,Área de texto 369,Área de texto 370,Área de texto 371,Área de texto 372,Área de texto 373,Área de texto 374,Área de texto 375,Área de texto 376,Área de texto 377,Área de texto 378,Área de texto 379,Área de texto 380,Área de texto 381,Área de texto 382,Área de texto 383,Área de texto 384,Área de texto 385,Área de texto 386,Área de texto 387,Área de texto 388,Área de texto 389,Área de texto 390,Área de texto 391,Área de texto 392,Área de texto 393,Área de texto 394,Área de texto 395,Área de texto 396,Área de texto 397,Área de texto 398,Área de texto 399,Área de texto 400,Comentários
1,Documento,,,,,,,,,Rascunho,InstanciasEntidadesHarppia_v1,,,,,,,,,,,,,,,,,,,,,,,,,,,,,,,,,,,,,,,,,,,,,,,,,,,,,,,,,,,,,,,,,,,,,,,,,,,,,,,,,,,,,,,,,,,,,,,,,,,,,,,,,,,,,,,,,,,,,,,,,,,,,,,,,,,,,,,,,,,,,,,,,,,,,,,,,,,,,,,,,,,,,,,,,,,,,,,,,,,,,,,,,,,,,,,,,,,,,,,,,,,,,,,,,,,,,,,,,,,,,,,,,,,,,,,,,,,,,,,,,,,,,,,,,,,,,,,,,,,,,,,,,,,,,,,,,,,,,,,,,,,,,,,,,,,,,,,,,,,,,,,,,,,,,,,,,,,,,,,,,,,,,,,,,,,,,,,,,,,,,,,,,,,,,,,,,,,,,,,,,,,,,,,,,,,,,,,,,,,,,,,,,,,,,,,,,,,,,,,,
2,Página,,,,,,,,,,Página 1,,,,,,,,,,,,,,,,,,,,,,,,,,,,,,,,,,,,,,,,,,,,,,,,,,,,,,,,,,,,,,,,,,,,,,,,,,,,,,,,,,,,,,,,,,,,,,,,,,,,,,,,,,,,,,,,,,,,,,,,,,,,,,,,,,,,,,,,,,,,,,,,,,,,,,,,,,,,,,,,,,,,,,,,,,,,,,,,,,,,,,,,,,,,,,,,,,,,,,,,,,,,,,,,,,,,,,,,,,,,,,,,,,,,,,,,,,,,,,,,,,,,,,,,,,,,,,,,,,,,,,,,,,,,,,,,,,,,,,,,,,,,,,,,,,,,,,,,,,,,,,,,,,,,,,,,,,,,,,,,,,,,,,,,,,,,,,,,,,,,,,,,,,,,,,,,,,,,,,,,,,,,,,,,,,,,,,,,,,,,,,,,,,,,,,,,,,,,,,,,
3,Retângulo,Formas Geométricas,2,,,,,,,,,,,,,,,,,,,,,,,,,,,,,,,,,,,,,,,,,,,,,,,,,,,,,,,,,,,,,,,,,,,,,,,,,,,,,,,,,,,,,,,,,,,,,,,,,,,,,,,,,,,,,,,,,,,,,,,,,,,,,,,,,,,,,,,,,,,,,,,,,,,,,,,,,,,,,,,,,,,,,,,,,,,,,,,,,,,,,,,,,,,,,,,,,,,,,,,,,,,,,,,,,,,,,,,,,,,,,,,,,,,,,,,,,,,,,,,,,,,,,,,,,,,,,,,,,,,,,,,,,,,,,,,,,,,,,,,,,,,,,,,,,,,,,,,,,,,,,,,,,,,,,,,,,,,,,,,,,,,,,,,,,,,,,,,,,,,,,,,,,,,,,,,,,,,,,,,,,,,,,,,,,,,,,,,,,,,,,,,,,,,,,,,,,,,,,,,,,,,,,,,,
4,Tabela,Tabelas,2,,,,,,,,tb_usuario,UUID,ID,created_at,updated_at,deleted_at,ultimo_acesso,deletado,cpf,nome,sobrenome,nome_social,sobrenome_social,sexo,data_nascimento,email,telefone,senha,end_id,s_storage_t_tb_arquivo_c_foto,1f92e0e8-3a1b-4d76-899e-901fc47958dd,1,2020-07-09T03:05:58Z,2022-05-03T22:10:12Z,2022-05-13T14:45:12Z,2022-05-13T13:45:12Z,1,12312312301,Cleiton ,Ramires dos Anjos,,,M,1950-09-30,cleitonramires7912@exemplo.com,​+55 (11) 24374-4324,001trcWAOJbzt6rcWAOJx4f9TJY7qvK82w1FbGzQMWPlUrJECniRpaHmt9OYbNLkZAXRUe6Hg0s3yV75xdBwTQMcEXNpZujD1oi2n5KvLYqFbzt6rcWAOJbzt6rcWAOJ,101,4312sd7e-a32e-4fc7-1de0-0ca3233bd1b9,a3c4e5a7-5d0b-4ec7-9279-73572b56db8f,2,2021-11-04T22:18:47Z,2025-06-12T03:53:54Z ,null,2025-06-28T15:59:23Z,0,32132132102,José,Alves de Araújo,,,M,1985-02-05,josefinocamarada@exemplo.com,​+55 (11) 43244-3824,002trcWAOJbzt6rcWAOJx4f9TJY7qvK82w1FbGzQMWPlUrJECniRpaHmt9OYbNLkZAXRUe6Hg0s3yV75xdBwTQMcEXNpZujD1oi2n5KvLYqFbzt6rcWAOJbzt6rcWAOJ,102,2576b6ca-649e-4fc7-96ae-0ba6902bd1b2,7f3b9c02-d76e-4cb8-8c3c-f4e6e3e5d2bb,3,2023-03-15T08:32:10Z,2023-03-27T17:14:36Z ,null,2025-06-28T14:45:23Z,0,13213213203,Maria,Pereira de Jesus,,,F,1973-10-24,mariaprincesa323@exemplo.com,​+55 (11) 21212-4902,003trcWAOJbzt6rcWAOJx4f9TJY7qvK82w1FbGzQMWPlUrJECniRpaHmt9OYbNLkZAXRUe6Hg0s3yV75xdBwTQMcEXNpZujD1oi2n5KvLYqFbzt6rcWAOJbzt6rcWAOJ,103,334466ed-8fce-4975-8302-707346e0f3be,1f92e0e8-5d0b-4ec7-8c3c-f4e6e3e5d2bb,4,2025-06-28T14:45:23Z,2025-06-28T14:45:23Z,null,2025-06-28T08:45:23Z,0,23423423404,Alan,Mertizo de Carvalho,Robert,Silva,M,2002-12-12,robert.silva201@exemplo.com,​+55 (11) 02492-4355,004trcWAOJbzt6rcWAOJx4f9TJY7qvK82w1FbGzQMWPlUrJECniRpaHmt9OYbNLkZAXRUe6Hg0s3yV75xdBwTQMcEXNpZujD1oi2n5KvLYqFbzt6rcWAOJbzt6rcWAOJ,104,2576b6ca-649e-4fc7-96ae-0ba6902bd1b2,62943a94-b619-4577-93ff-ec1bd46b404f,5,2021-04-06T17:23:34Z,2024-06-30T18:52:50Z,2024-07-12T00:58:28Z,2024-07-11T23:58:28Z,1,99245899587,Felipe,Martins Lima,,,M,1954-01-09,felipemartins9446@dominio.net,​+55 (91) 42348-3448,PEiuAnWqMR9LeKBh1iFrd2tvjeHTIbyhK7dzp0diPXBnzL9voDbPFndH1fq3M7Lceq9zfPb2PMyMHueLLwbdE6A7syEpiXmenEQW7ewdRy2ttr3ykMd9lw3GH1fBhGeD,105,dabab2cb-b1bd-4572-b17b-489ca9fcb493,5b4d018b-55ec-46e2-a93d-1d45dab0a7a1,6,2019-04-26T21:56:11Z,2021-08-12T01:24:27Z,2024-08-02T01:20:28Z,2024-08-02T00:20:28Z,1,79962669769,Thiago,Martins Pereira,,,M,1956-09-22,thiagomartins3063@dominio.net,​+55 (89) 23681-4492,nY8KcWnLo6oQVHk1MC8FRmMBY1jKuAelcqTxF1ZhBYzWrxcyy0pu5if42LmfJzLKbCehmKQ8xHiX76ZcU03lCH6iuyFCy6x6ZyFtRNJYWceBnR0P443JAIutcxILyJjZ,106,3f574f94-d05e-42b0-a707-69f3f23037cf,00a2d5cf-b8d8-48e1-a48a-4b846868d88d,7,2022-01-21T08:54:18Z,2022-03-08T10:18:39Z,null,2023-06-25T08:09:29Z,0,18432523297,Ana,Gomes Lima,,,M,1946-09-28,anagomes7576@mail.org,​+55 (20) 68902-7158,o5hkiXvAtpnuZ6EKv2caCBidvfOleOn7gdux3uaza08UmLPsA0Z7QTZy9Mk10mZhgpDryRTg048ThOAxCTtk7a5tj19IDWuQ9WmS7CLYZ0k7aaJFuB4xfp9xVCpb4Gyd,107,5e84665a-a9df-47de-907a-01698edf4d34,ea6a8e39-7596-4aed-92a4-675b85e2595e,8,2019-09-13T05:48:55Z,2022-11-18T16:46:15Z,null,2023-02-08T02:41:29Z,0,18037924363,Felipe,Oliveira Pereira,,,F,1981-04-09,felipeoliveira6021@mail.org,​+55 (13) 50669-3267,t7FLDbxQ9NyBUvXZfIj7GGUOW7BL7AttxkVbJ76WoSUrPAhn9so7aylGUHn2p7IHP32uaBT0dfLSsxKwDzsvYfbAMnIvikQgFm0RynaDN0zPBicTBJefnlHRUYwZhlos,108,23254bd4-481e-4d4a-a327-14e2fda0fe5f,2806f174-2b66-432e-b969-a6f13333d7a3,9,2020-08-07T09:31:35Z,2023-11-26T11:23:50Z,null,2024-02-03T18:11:31Z,0,99779360810,Carlos,Melo Almeida,,,F,1945-08-11,carlosmelo3656@exemplo.com,​+55 (72) 20564-1514,2Kjsb2ZP6vX9YRhyZTFzXUzxO5iaVpu8EwOTBJnpIsvvToAjWcGYwhszHTyFhy4bKQUNluV1KNgkppA7sq1PNGHI0hx4Hwum6VGmECsCfuPLaOxGVIaVJ9YxszTWXTbP,109,bce808e9-fc44-4f6b-ba56-d16f5422143b,23a941cd-f4aa-48e0-9b75-ffa071059beb,10,2021-08-08T05:17:17Z,2024-05-03T22:43:18Z,null,2024-10-05T23:27:14Z,0,23449954902,Patrícia,Costa Barbosa,,,M,1949-11-25,patríciacosta4093@mail.org,​+55 (81) 20769-8238,5VL7YDaFgHWh3xJ8NpDJZZL0RH7ty3hh0FRQ3JDwYvcxhdVfg2GbHxgAnf9NXWyAQvKD81GkKOTNgjAbY3rw6glTBsKVDcBBZoNFgLuAqn8iUcROhoomeXRjEEqdwsq1,110,dc2e360b-0033-4a30-bd27-4985c1b0b94f,ddb0bef1-041c-4369-a2a4-78e853ed5661,11,2020-07-20T20:18:12Z,2022-08-24T07:15:20Z,2023-11-15T12:18:59Z,2023-11-15T11:18:59Z,1,37905409013,Carlos,Monteiro Martins,,,M,1981-04-22,carlosmonteiro8510@exemplo.com,​+55 (90) 39291-8149,Yv0QFf1ou7v8Jn6VyeTOirMimKNNLRieYzkeeQkOYmggMsVVCE6vcGG3les79YNHLPNIIHI0SZsnpbURYT4DVUC7GmKh5aa0MbuRAOCf6GCiCNa0XZocTKoCGZMqa8Ck,111,1bc0c985-473d-4396-b300-a23bde3cdf9f,0ff40f9f-858a-45cc-9c66-fa84d51271b0,12,2018-05-16T17:49:24Z,2021-06-26T22:55:54Z,null,2024-08-29T21:09:36Z,0,12796054756,Guilherme,Lima Costa,,,F,1984-11-02,guilhermelima5302@exemplo.com,​+55 (36) 61886-1419,aImTH3gmPbwNthheADrhCGoJp17UnPCcc0V1rsJLngRpM9IwnZ5fayMJP3JUozIybk4KvEuzCdKpMFYqpDXga52u1D4MNL9Fdpxdvos25GXlHisFEoaFk0cX5yzWKxFJ,112,06ce5e4c-f8b8-4da1-9f3b-f32575a30c37,80a3e455-e8bf-4162-a63b-c5b6679354dc,13,2021-09-24T21:44:19Z,2021-11-20T19:50:41Z,null,2024-05-24T20:25:24Z,0,81370539393,Thiago,Melo Silva,,,M,1993-03-08,thiagomelo9194@exemplo.com,​+55 (35) 43328-9735,plVvV7qJlfdU3Bb1ZwMATIeBdl5VwIeZ1cy5ivZk1DFu3sBtB7ZU7kerqKix6GCrhk5xQOW1iWdj9RDzvWpqCkOW2qeuuLKYlODseXtv8sgAU62Td6JSLgNH351Xaqbc,113,270d12d9-47ad-48bc-8db8-df20347bf507,91fb1541-6277-4dee-b78c-1c1786146d9a,14,2018-10-22T06:04:50Z,2024-04-13T06:02:58Z,null,2024-12-08T14:20:58Z,0,86522836555,Fernanda,Costa Cardoso,,,F,2000-03-11,fernandacosta7812@exemplo.com,​+55 (71) 66904-1161,ZkSVy6JvcYdNYBBCeCe1c2yMH5Ecun3wI3fprjArOukJZJ7ayrwwZtzyhlEVLfUVMf4QgD3SdHyCBbyyGCdKEubgwt7un2sMsxYOAm3UPqlv78hXc26dMSJVAWe5Y4pK,114,90264f70-d1bb-45c8-8bde-409b8650be04,dae5cf04-1de8-4467-a2bf-d61622038dbb,15,2018-07-13T21:32:19Z,2021-04-11T21:45:31Z,null,2021-10-06T05:38:51Z,0,49837076541,Fernanda,Pereira Costa,,,F,1958-02-15,fernandapereira6269@exemplo.com,​+55 (38) 55068-6233,yJRNftIUg4VhCyJ0dah0Dl3jefE0mO25c5aV1CFj8onQGcYPgON9V0BQs8unBjH5UnY5U6qXdg4RA3Mz0c2GFt5Ni7UBpN99NIvjkCq0vkTxYfiJYz7n12WKNqhurydP,115,b4a340bd-f202-4e77-ad5c-199ace44c697,07d6f083-957a-43c7-ae48-e1bc77eae2cd,16,2018-05-08T16:32:35Z,2019-11-08T05:14:57Z,null,2021-07-03T01:33:01Z,0,00690852114,Diego,Barbosa Monteiro,,,M,1947-02-10,diegobarbosa9763@mail.org,​+55 (39) 48654-4470,wCAqMEnhZJO5v8yMe1Ef7EbskB6lSHjkmuKie6L2Ea0OETy0XQ11s2etgCfTlhsHjOZ2eIWMrsD48RTvRBOUH2prMMUU50WVtyx4zgwvMh9mgPVl9mooYzVdY4us9btZ,116,4aaad28f-4a7c-4180-a397-05da0fb183c4,831b504c-1624-4107-a9a5-97855083c019,17,2018-02-24T19:45:00Z,2024-07-01T07:06:39Z,null,2024-08-20T18:12:50Z,0,36563940332,Thiago,Oliveira Rodrigues,,,F,1978-12-19,thiagooliveira3659@mail.org,​+55 (18) 88747-9428,QE72nIuiX1r7fVoxUTZYoK0iAwsL59dkFveH7180CGlDr5mW6zakD3ptwkS9eVAEhChedusSptQWKp9yitYJrrT9po4LTzVc1WBAXOkpsQCSPy8Z1Rc41gRveR5bttK7,117,c3ba9f49-a116-44b7-9f54-9cee083d50a8,ac48fe52-4ff7-41c8-9d43-00cbee12ac55,18,2019-04-09T08:31:42Z,2022-09-28T17:08:10Z,null,2024-03-17T04:06:04Z,0,40314318663,Diego,Monteiro Cardoso,,,M,1966-08-12,diegomonteiro1210@mail.org,​+55 (15) 62480-4485,NInVzpDyPz4O2DokPlk5XiUuwAknRPLN92SFSuLeQxrc1dtkJkBp3YpKQszRRjrDp8ngcDY9s5JgW9Wiz3uVeM8NWL52sFMWrqQHVvnFpqyseG1CcY3EsF4BzzVxFROF,118,57b4d8e7-278a-48d2-88f7-6db479d0243f,291b4dd8-b127-4b70-b597-798b6caddc28,19,2022-05-01T03:29:44Z,2022-08-20T15:15:58Z,null,2023-08-09T15:38:52Z,0,46058442994,Ana,Pereira Teixeira,,,M,1999-11-16,anapereira5466@exemplo.com,​+55 (59) 35307-6506,73vijjPmowcR4XypAAEg4lCwNGvc9taA1uCx9rDDv2afhIQolRw0iD6jXemZ2CAJBKIlFzqhFVdSLDVCJSkaLtdyJjNsnHvhZK8PLgdLpQ0b8RtC1DTGNxwYOBXPJQeF,119,34d09dc8-a3ae-4969-abdd-32e5fab85465,a0565fc6-87ca-4f30-8c84-df7aa292303d,20,2022-02-02T09:28:53Z,2024-04-22T08:26:05Z,2024-08-23T00:02:25Z,2024-08-22T23:02:25Z,1,39209539224,Ana,Oliveira Rodrigues,,,F,1965-03-19,anaoliveira9145@exemplo.com,​+55 (53) 31207-8138,CPePPJPL3BxpJYvPEpUAmkDhJRjtDWeJSR5QcndrEVZb45PSGYuqqYl6IwANSoZZUk0QnwyLFInX7bvQZBGqeS7MUbwIJ6Igh3Mq03ONga96BQyLw3wuKHnyoSAJLZYH,120,183f4795-1993-44a0-bcf6-78f468a2a4ff,
5,Retângulo,Formas Geométricas,2,,,,,,,,,,,,,,,,,,,,,,,,,,,,,,,,,,,,,,,,,,,,,,,,,,,,,,,,,,,,,,,,,,,,,,,,,,,,,,,,,,,,,,,,,,,,,,,,,,,,,,,,,,,,,,,,,,,,,,,,,,,,,,,,,,,,,,,,,,,,,,,,,,,,,,,,,,,,,,,,,,,,,,,,,,,,,,,,,,,,,,,,,,,,,,,,,,,,,,,,,,,,,,,,,,,,,,,,,,,,,,,,,,,,,,,,,,,,,,,,,,,,,,,,,,,,,,,,,,,,,,,,,,,,,,,,,,,,,,,,,,,,,,,,,,,,,,,,,,,,,,,,,,,,,,,,,,,,,,,,,,,,,,,,,,,,,,,,,,,,,,,,,,,,,,,,,,,,,,,,,,,,,,,,,,,,,,,,,,,,,,,,,,,,,,,,,,,,,,,,,,,,,,,,
6,Texto,Padrão,2,,,,,,,,SCHEMA AUTH,,,,,,,,,,,,,,,,,,,,,,,,,,,,,,,,,,,,,,,,,,,,,,,,,,,,,,,,,,,,,,,,,,,,,,,,,,,,,,,,,,,,,,,,,,,,,,,,,,,,,,,,,,,,,,,,,,,,,,,,,,,,,,,,,,,,,,,,,,,,,,,,,,,,,,,,,,,,,,,,,,,,,,,,,,,,,,,,,,,,,,,,,,,,,,,,,,,,,,,,,,,,,,,,,,,,,,,,,,,,,,,,,,,,,,,,,,,,,,,,,,,,,,,,,,,,,,,,,,,,,,,,,,,,,,,,,,,,,,,,,,,,,,,,,,,,,,,,,,,,,,,,,,,,,,,,,,,,,,,,,,,,,,,,,,,,,,,,,,,,,,,,,,,,,,,,,,,,,,,,,,,,,,,,,,,,,,,,,,,,,,,,,,,,,,,,,,,,,,,,
7,Tabela,Tabelas,2,,,,,,,,tb_endereco,id,cep,uf,cidade,bairro,rua,numero,101,06525123,SP,São Paulo,República,R. Dos Planetas,1276,102,06550123,RJ,Araruama,Pontinha,R. Francisco Luz,12,103,06512453,SP,Cajamar,Ponunduva,R. Da Fartura,234,104,06515670,SP,Barueri,Boa Vista,R. Feliz Dias,654,105,45350276,AL,Manaus,Itaquera,Av. Paulista,2055,106,40707290,PA,Teresina,Mooca,R. dos Planetas,6536,107,29951892,GO,Rio de Janeiro,Mooca,Rua Amazonas,3940,108,74190712,ES,Curitiba,Tatuapé,R. das Flores,7453,109,93708326,AP,Salvador,Boa Vista,Av. Brasil,6435,110,42693319,PR,Salvador,Barra Funda,Av. Paulista,9805,111,83316850,AL,Goiânia,Pinheiros,Av. Brasil,991,112,32567013,RS,Natal,Ipanema,Av. Paulista,551,113,22940313,RR,Campinas,Tatuapé,Rua São Jorge,7368,114,25712296,PB,Goiânia,República,Rua Dom Pedro,667,115,72574854,MA,Salvador,Jardim das Flores,R. dos Planetas,2058,116,94767889,PB,São Paulo,Bela Vista,Rua das Acácias,4359,117,22966083,MS,São Paulo,Boa Vista,Rua Amazonas,8829,118,22611127,MS,Natal,República,R. das Flores,3623,119,14470164,BA,Maceió,Jardim América,Av. Independência,2771,120,61573961,CE,Belém,Barra Funda,R. XV de Novembro,8085,121,71661180,ES,São Paulo,Pinheiros,R. dos Planetas,4387,122,88778757,AM,Salvador,Jardim das Flores,Rua São Jorge,515,123,85568207,CE,Manaus,Santa Cecília,Av. Brasil,3302,124,71891527,AP,Campinas,República,R. dos Planetas,9520,125,44920501,SE,Brasília,Pinheiros,Av. Brasil,5441,126,80589316,AC,Belo Horizonte,Barra Funda,Av. Independência,410,127,76870516,MA,Goiânia,Jardim América,Rua Dom Pedro,4035,128,62350196,RO,João Pessoa,Pinheiros,Rua Amazonas,8586,129,99669593,AL,São Luís,Santa Cecília,Rua Dom Pedro,4368,130,92198830,PR,Curitiba,Boa Vista,Av. Paulista,3455,131,30835702,BA,Salvador,Jardim América,Av. Independência,8016,132,63515125,SC,Natal,Itaquera,R. das Flores,6136,133,32694536,MT,São Luís,Bela Vista,Av. Independência,855,134,48593857,MA,Brasília,Jardim América,R. das Flores,7500,135,99557857,MS,João Pessoa,Copacabana,Av. Independência,3573,136,25770022,MT,Goiânia,Centro,R. das Flores,1754,137,67794127,PR,São Paulo,Santa Cecília,Av. Independência,5853,138,62246620,PB,Maceió,República,Av. Independência,2941,139,74571157,MG,Belém,Aclimação,R. das Flores,4020,140,17874156,AP,Maceió,Aclimação,Rua São Jorge,6426,,,,,,,,,,,,,,,,,,,,,,,,,,,,,,,,,,,,,,,,,,,,,,,,,,,,,,,,,,,,,,,,,,,,,,,,,,,,,,,,,,,,,,,,,,,,,,,,,,,,,,,,,,,,,,,,,
8,Tabela,Tabelas,2,,,,,,,,tb_ausencia,id,motivo,justificativa,data,horario_inicio,horario_fim,usu_uuid,201,Licensa médica,Quebrei o pé e não consigo andar,2025-06-30,19:00,21:00,1f92e0e8-5d0b-4ec7-8c3c-f4e6e3e5d2bb,202,Trabalho,Terei que viajar a trabalho,2025-07-09,20:20,23:20,a3c4e5a7-5d0b-4ec7-9279-73572b56db8f,203,Pessoal,Problemas familiares...,2025-06-30,08:30,21:00,7f3b9c02-d76e-4cb8-8c3c-f4e6e3e5d2bb,204,Pessoal,Problemas familiares...,2025-07-07,00:00,23:59,7f3b9c02-d76e-4cb8-8c3c-f4e6e3e5d2bb,205,Outros,To ruim da barriga,2025-06-30,21:30,23:00,1f92e0e8-3a1b-4d76-899e-901fc47958dd,206,Trabalho,Preciso resolver algumas coisas do trabalho,2025-07-20,15:30,20:00,1f92e0e8-3a1b-4d76-899e-901fc47958dd,207,Exame Laboratorial,Coleta de sangue em jejum.,2025-08-01,07:30,09:00,ea6a8e39-7596-4aed-92a4-675b85e2595e,208,Reunião de Pais,Reunião escolar do filho.,2025-08-04,10:00,11:00,2806f174-2b66-432e-b969-a6f13333d7a3,209,Assunto Pessoal,Resolver questões em cartório.,2025-08-05,14:00,16:00,23a941cd-f4aa-48e0-9b75-ffa071059beb,210,Consulta Odontológica,Manutenção de aparelho ortodôntico.,2025-08-06,16:00,17:00,dae5cf04-1de8-4467-a2bf-d61622038dbb,211,Acompanhante,Levar mãe ao médico.,2025-08-07,08:00,12:00,ea6a8e39-7596-4aed-92a4-675b85e2595e,212,Problema no Transporte,Greve de transporte público.,2025-08-08,08:00,10:00,07d6f083-957a-43c7-ae48-e1bc77eae2cd,213,Consulta Médica,Retorno para mostrar exames.,2025-08-11,11:00,12:00,2806f174-2b66-432e-b969-a6f13333d7a3,214,Mudança de Residência,Organização da mudança.,2025-08-12,09:00,18:00,831b504c-1624-4107-a9a5-97855083c019,215,Doação de Sangue,Apresentação de atestado.,2025-08-13,13:00,14:30,23a941cd-f4aa-48e0-9b75-ffa071059beb,216,Capacitação,Treinamento obrigatório da empresa.,2025-08-14,08:30,17:30,ac48fe52-4ff7-41c8-9d43-00cbee12ac55,217,Assunto Pessoal,Visita técnica para instalação de internet.,2025-08-15,14:00,16:00,ea6a8e39-7596-4aed-92a4-675b85e2595e,218,Exame de Direção,Prova prática do DETRAN.,2025-08-18,09:30,11:00,291b4dd8-b127-4b70-b597-798b6caddc28,219,Acompanhante,Acompanhar esposa em exame.,2025-08-19,15:00,17:00,dae5cf04-1de8-4467-a2bf-d61622038dbb,220,Voluntariado,Participação em evento beneficente.,2025-08-20,10:00,14:00,a0565fc6-87ca-4f30-8c84-df7aa292303d,,,,,,,,,,,,,,,,,,,,,,,,,,,,,,,,,,,,,,,,,,,,,,,,,,,,,,,,,,,,,,,,,,,,,,,,,,,,,,,,,,,,,,,,,,,,,,,,,,,,,,,,,,,,,,,,,,,,,,,,,,,,,,,,,,,,,,,,,,,,,,,,,,,,,,,,,,,,,,,,,,,,,,,,,,,,,,,,,,,,,,,,,,,,,,,,,,,,,,,,,,,,,,,,,,,,,,,,,,,,,,,,,,,,,,,,,,,,,,,,,,,,,,,,,,,,,
9,Texto,Padrão,2,,,,,,,,SCHEMA STORAGE,,,,,,,,,,,,,,,,,,,,,,,,,,,,,,,,,,,,,,,,,,,,,,,,,,,,,,,,,,,,,,,,,,,,,,,,,,,,,,,,,,,,,,,,,,,,,,,,,,,,,,,,,,,,,,,,,,,,,,,,,,,,,,,,,,,,,,,,,,,,,,,,,,,,,,,,,,,,,,,,,,,,,,,,,,,,,,,,,,,,,,,,,,,,,,,,,,,,,,,,,,,,,,,,,,,,,,,,,,,,,,,,,,,,,,,,,,,,,,,,,,,,,,,,,,,,,,,,,,,,,,,,,,,,,,,,,,,,,,,,,,,,,,,,,,,,,,,,,,,,,,,,,,,,,,,,,,,,,,,,,,,,,,,,,,,,,,,,,,,,,,,,,,,,,,,,,,,,,,,,,,,,,,,,,,,,,,,,,,,,,,,,,,,,,,,,,,,,,,,,
10,Tabela,Tabelas,2,,,,,,,,tb_arquivo,uuid,id,created_at,deleted_at,deletado,caminho,myme_type,extensao,tamanho_em_bytes,buc_id,2576b6ca-649e-4fc7-96ae-0ba6902bd1b2,1,2025-06-18 11:14:13.189012+00,null,false,um/caminho/qualquer/exemplo.png,image/jpeg,png,371927,1,334466ed-8fce-4975-8302-707346e0f3be,2,2025-06-18 11:20:33.505312+00,null,false,um/caminho/qualquer/carlos.jpg,image/jpeg,jpg,232314,2,01b78aad-3ba9-4381-9e49-1f40c604e39d,3,2025-06-20 18:58:06.578983+00,null,false,um/caminho/qualquer/mariana.png,image/png,png,59174,1,d421c80d-4c44-4f94-b660-42b61d89b4af,4,2025-07-18 10:12:45.128934+00,null,false,arquivos/imagens/culto1.jpg,image/jpeg,jpg,82451,3,7fbb4cb6-7c75-44db-98f2-54b30862bbff,5,2025-07-18 10:25:33.859102+00,null,false,arquivos/docs/manual.pdf,application/pdf,pdf,254019,2,bfe4b330-d6cf-4bb5-a4d9-b1d9d7f681b4,6,2025-07-18 11:10:17.734299+00,null,false,arquivos/audios/mensagem.mp3,audio/mpeg,mp3,4502100,1,aee1284f-9ff1-4873-9a12-028b84b0cfd2,7,2025-07-18 12:00:00.559872+00,null,false,arquivos/videos/sermao.mp4,video/mp4,mp4,15937400,8,8ca1c91d-60f3-4326-bf7e-8c4972df2447,8,2025-07-18 12:45:31.683012+00,null,false,arquivos/imagens/banner_evento.png,image/png,png,129850,4,12552f89-79a3-49ab-aac4-9f71c2e2f9c5,9,2025-07-18 13:30:45.481902+00,2025-07-19 08:45:12.761230+00,true,arquivos/docs/relatorio.docx,application/vnd.openxmlformats-officedocument.wordprocessingml.document,png,84212,5,3a8ddf72-97d4-4a18-8d9a-8b779c9fa5e5,10,2025-07-18 14:10:00.002341+00,null,false,arquivos/planilhas/presencas.xlsx,application/vnd.openxmlformats-officedocument.spreadsheetml.sheet,jpg,65921,9,e5467c70-73a4-4c12-9f8e-199f7063ac8a,11,2025-07-18 15:00:05.122872+00,null,false,arquivos/imagens/logo_church.svg,image/svg+xml,svg,1482,6,fbad98b9-26c1-4207-bdf1-2fce3f5dc6b3,12,2025-07-18 15:45:50.971234+00,null,false,arquivos/imagens/banner_familia.jpg,image/jpeg,jpg,94611,7,ace76b2c-5930-4a64-958c-ef19898f4193,13,2025-07-18 16:30:15.123456+00,null,false,arquivos/docs/estatuto.pdf,application/pdf,png,319087,2,d9fbd96d-8743-4de7-a9fc-173b42a60e52,14,2025-07-18 17:05:12.749123+00,2025-07-19 09:10:30.897512+00,true,arquivos/planilhas/financeiro.xlsx,application/vnd.openxmlformats-officedocument.spreadsheetml.sheet,gif,134760,1,f24ff849-0802-42c0-b8f4-c354dbfc43ef,15,2025-07-18 17:45:00.758963+00,null,false,arquivos/videos/testemunho.mp4,video/mp4,mp4,19745120,5,c0035971-cc4c-4d89-a0c5-68fae6df0039,16,2025-07-18 18:20:05.617812+00,null,false,arquivos/audios/louvor.mp3,audio/mpeg,mp3,6735120,3,111bdaf4-d928-4f84-a928-4b86cc4a76c9,17,2025-07-18 19:00:00.159327+00,null,false,arquivos/docs/regimento_interno.pdf,application/pdf,pdf,243912,8,efc64e7b-fc6d-48d4-9e8a-7395d8290f13,18,2025-07-18 19:45:30.994582+00,null,false,arquivos/imagens/panfleto_evangelismo.png,image/png,png,112569,4,,,,,,,,,,,,,,,,,,,,,,,,,,,,,,,,,,,,,,,,,,,,,,,,,,,,,,,,,,,,,,,,,,,,,,,,,,,,,,,,,,,,,,,,,,,,,,,,,,,,,,,,,,,,,,,,,,,,,,,,,,,,,,,,,,,,,,,,,,,,,,,,,,,,,,,,,,,,,,,,,,,,,,,,,,,,,,,,,,,,,,,,,,,,,,,,,,,,,,,,,,,,,,,,,,
11,Tabela,Tabelas,2,,,,,,,,tb_arquivo_ass_usuario,id,arq_uuid,s_auth_t_tb_usuario_c_lev,1,2576b6ca-649e-4fc7-96ae-0ba6902bd1b2,1f92e0e8-3a1b-4d76-899e-901fc47958dd,2,334466ed-8fce-4975-8302-707346e0f3be,a3c4e5a7-5d0b-4ec7-9279-73572b56db8f,3,01b78aad-3ba9-4381-9e49-1f40c604e39d,1f92e0e8-5d0b-4ec7-8c3c-f4e6e3e5d2bb,,,,,,,,,,,,,,,,,,,,,,,,,,,,,,,,,,,,,,,,,,,,,,,,,,,,,,,,,,,,,,,,,,,,,,,,,,,,,,,,,,,,,,,,,,,,,,,,,,,,,,,,,,,,,,,,,,,,,,,,,,,,,,,,,,,,,,,,,,,,,,,,,,,,,,,,,,,,,,,,,,,,,,,,,,,,,,,,,,,,,,,,,,,,,,,,,,,,,,,,,,,,,,,,,,,,,,,,,,,,,,,,,,,,,,,,,,,,,,,,,,,,,,,,,,,,,,,,,,,,,,,,,,,,,,,,,,,,,,,,,,,,,,,,,,,,,,,,,,,,,,,,,,,,,,,,,,,,,,,,,,,,,,,,,,,,,,,,,,,,,,,,,,,,,,,,,,,,,,,,,,,,,,,,,,,,,,,,,,,,,,,,,,,,
12,Tabela,Tabelas,2,,,,,,,,tb_bucket,id,created_at,updated_at,deleted_at,deletado,nome,tempo_expiracao_upload_em_segundos,tamanho_minimo,tamanho_maximo,1,2025-06-17 23:45:21.684374+00,2025-06-17 23:45:21.684374+00,null,false,foto-perfil-usuario,30,1,5242880,2,2025-06-17 23:45:21.684374+00,2025-06-17 23:45:21.684374+00,null,false,foto-perfil-igreja,30,1,5242880,3,2025-06-17 23:45:21.684374+00,2025-06-17 23:45:21.684374+00,null,false,foto-perfil-ministerio,30,1,5242880,4,2025-06-17 23:45:21.684374+00,2025-06-17 23:45:21.684374+00,null,false,icone-instrumento,30,1,5242880,5,2025-06-17 23:45:21.684374+00,2025-06-17 23:45:21.684374+00,null,false,audio,30,1,157286400,6,2025-06-17 23:45:21.684374+00,2025-06-17 23:45:21.684374+00,null,false,pdf,30,1,5242880,7,2025-06-17 23:45:21.684374+00,2025-06-17 23:45:21.684374+00,null,false,sistema-icone-instrumento,30,1,5242880,8,2025-06-17 23:45:21.684374+00,2025-06-17 23:45:21.684374+00,null,false,sistema-imagem,30,1,5242880,9,2025-06-17 23:45:21.684374+00,2025-06-17 23:45:21.684374+00,null,false,sistema-audio,30,1,5242880,,,,,,,,,,,,,,,,,,,,,,,,,,,,,,,,,,,,,,,,,,,,,,,,,,,,,,,,,,,,,,,,,,,,,,,,,,,,,,,,,,,,,,,,,,,,,,,,,,,,,,,,,,,,,,,,,,,,,,,,,,,,,,,,,,,,,,,,,,,,,,,,,,,,,,,,,,,,,,,,,,,,,,,,,,,,,,,,,,,,,,,,,,,,,,,,,,,,,,,,,,,,,,,,,,,,,,,,,,,,,,,,,,,,,,,,,,,,,,,,,,,,,,,,,,,,,,,,,,,,,,,,,,,,,,,,,,,,,,,,,,,,,,,,,,,,,,,,,,,,,,,,,,,,,,
13,Retângulo,Formas Geométricas,2,,,,,,,,s,,,,,,,,,,,,,,,,,,,,,,,,,,,,,,,,,,,,,,,,,,,,,,,,,,,,,,,,,,,,,,,,,,,,,,,,,,,,,,,,,,,,,,,,,,,,,,,,,,,,,,,,,,,,,,,,,,,,,,,,,,,,,,,,,,,,,,,,,,,,,,,,,,,,,,,,,,,,,,,,,,,,,,,,,,,,,,,,,,,,,,,,,,,,,,,,,,,,,,,,,,,,,,,,,,,,,,,,,,,,,,,,,,,,,,,,,,,,,,,,,,,,,,,,,,,,,,,,,,,,,,,,,,,,,,,,,,,,,,,,,,,,,,,,,,,,,,,,,,,,,,,,,,,,,,,,,,,,,,,,,,,,,,,,,,,,,,,,,,,,,,,,,,,,,,,,,,,,,,,,,,,,,,,,,,,,,,,,,,,,,,,,,,,,,,,,,,,,,,,,
14,Texto,Padrão,2,,,,,,,,SCHEMA CHURCH,,,,,,,,,,,,,,,,,,,,,,,,,,,,,,,,,,,,,,,,,,,,,,,,,,,,,,,,,,,,,,,,,,,,,,,,,,,,,,,,,,,,,,,,,,,,,,,,,,,,,,,,,,,,,,,,,,,,,,,,,,,,,,,,,,,,,,,,,,,,,,,,,,,,,,,,,,,,,,,,,,,,,,,,,,,,,,,,,,,,,,,,,,,,,,,,,,,,,,,,,,,,,,,,,,,,,,,,,,,,,,,,,,,,,,,,,,,,,,,,,,,,,,,,,,,,,,,,,,,,,,,,,,,,,,,,,,,,,,,,,,,,,,,,,,,,,,,,,,,,,,,,,,,,,,,,,,,,,,,,,,,,,,,,,,,,,,,,,,,,,,,,,,,,,,,,,,,,,,,,,,,,,,,,,,,,,,,,,,,,,,,,,,,,,,,,,,,,,,,,
15,Tabela,Tabelas,2,,,,,,,,church.tb_igreja,uuid,id,created_at,updated_at,deleted_at,deletado,cnpj,nome,denominacao,outra_denominacao,end_endereco_principal_id,s_storage_t_tb_arquivo_c_foto,8f4b1c7a-7e20-4f6b-9b4d-d95845bde1a1,1,2015-11-19T23:48:07Z,2025-02-17T10:14:39Z,null,1,41.789.654/0001-23  ,IEQ Louvadores,Igreja Luterana  ,null,10,,1ca50b3f-3b59-4701-a9d3-c3f6483f8169,2,2016-07-28T06:10:32Z,2024-08-04T22:07:12Z  ,2025-06-23T11:27:16Z  ,0,09.123.456/0001-78  ,Congregação Cristã Federativa,Adventista,null,13,,5539ad0b-e502-4f45-86c5-4c29c0a3f42d,3,2017-08-03T18:35:59Z,2025-06-01T03:48:25Z  ,null,1,32.567.890/0001-45  ,Evangelho Circular,Bola de Neve,null,14,,d729cd68-f55e-4b3a-bf37-4c02c36e4d8a,4,2018-03-11T14:22:45Z,2024-11-19T15:33:50Z,2025-04-30T20:05:41Z,0,75.234.109/0001-66,Igreja Presbiteriana de São Tomé das Letras,Deus é Amor,null,18,,,,,,,,,,,,,,,,,,,,,,,,,,,,,,,,,,,,,,,,,,,,,,,,,,,,,,,,,,,,,,,,,,,,,,,,,,,,,,,,,,,,,,,,,,,,,,,,,,,,,,,,,,,,,,,,,,,,,,,,,,,,,,,,,,,,,,,,,,,,,,,,,,,,,,,,,,,,,,,,,,,,,,,,,,,,,,,,,,,,,,,,,,,,,,,,,,,,,,,,,,,,,,,,,,,,,,,,,,,,,,,,,,,,,,,,,,,,,,,,,,,,,,,,,,,,,,,,,,,,,,,,,,,,,,,,,,,,,,,,,,,,,,,,,,,,,,,,,,,,,,,,,,,,,,,,,,,,,,,,,,,,,,,,,,,,,,,,,,,,,
16,Tabela,Tabelas,2,,,,,,,,church.tb_endereco,id,cep,uf,cidade,bairro,rua,numero,igr_uuid,10,29176-015,ES,Serra,Laranjeiras,Rua dos Lírios,128,8f4b1c7a-7e20-4f6b-9b4d-d95845bde1a1,11,04094-050,SP,São Paulo,Moema,Alameda dos Jurupis,735,8f4b1c7a-7e20-4f6b-9b4d-d95845bde1a1,12,69058-845,AM,Manaus,Cidade Nova,Avenida Noel Nutels,2240,8f4b1c7a-7e20-4f6b-9b4d-d95845bde1a1,13,80420-240,PR,Curitiba,Batel,Rua Buenos Aires,91,1ca50b3f-3b59-4701-a9d3-c3f6483f8169,14,41301-290,BA,Salvador,Sete de Abril,Rua Nova Esperança,57,5539ad0b-e502-4f45-86c5-4c29c0a3f42d,15,12345-678,SP,São Paulo,Jardim Paulista,Rua das Flores,142,]5539ad0b-e502-4f45-86c5-4c29c0a3f42d,16,98765-432,RJ,Rio de Janeiro,Copacabana,Avenida Atlântica,3050,5539ad0b-e502-4f45-86c5-4c29c0a3f42d,17,54321-987,MG,Belo Horizonte,Funcionários,Rua da Bahia,789,5539ad0b-e502-4f45-86c5-4c29c0a3f42d,18,11223-445,RS,Porto Alegre,Moinhos de Vento,Rua Padre Chagas,123,d729cd68-f55e-4b3a-bf37-4c02c36e4d8a,,,,,,,,,,,,,,,,,,,,,,,,,,,,,,,,,,,,,,,,,,,,,,,,,,,,,,,,,,,,,,,,,,,,,,,,,,,,,,,,,,,,,,,,,,,,,,,,,,,,,,,,,,,,,,,,,,,,,,,,,,,,,,,,,,,,,,,,,,,,,,,,,,,,,,,,,,,,,,,,,,,,,,,,,,,,,,,,,,,,,,,,,,,,,,,,,,,,,,,,,,,,,,,,,,,,,,,,,,,,,,,,,,,,,,,,,,,,,,,,,,,,,,,,,,,,,,,,,,,,,,,,,,,,,,,,,,,,,,,,,,,,,,,,,,,,,,,,,,,,,,,,,,,,,,,,,,,,,,,,
17,Tabela,Tabelas,2,,,,,,,,church.tb_agendamento_tipo,id,ativo,nome,igr_uuid,101,1,culto,8f4b1c7a-7e20-4f6b-9b4d-d95845bde1a1,102,1,reunião,1ca50b3f-3b59-4701-a9d3-c3f6483f8169,103,0,encontro,5539ad0b-e502-4f45-86c5-4c29c0a3f42d,104,1,multirão,d729cd68-f55e-4b3a-bf37-4c02c36e4d8a,,,,,,,,,,,,,,,,,,,,,,,,,,,,,,,,,,,,,,,,,,,,,,,,,,,,,,,,,,,,,,,,,,,,,,,,,,,,,,,,,,,,,,,,,,,,,,,,,,,,,,,,,,,,,,,,,,,,,,,,,,,,,,,,,,,,,,,,,,,,,,,,,,,,,,,,,,,,,,,,,,,,,,,,,,,,,,,,,,,,,,,,,,,,,,,,,,,,,,,,,,,,,,,,,,,,,,,,,,,,,,,,,,,,,,,,,,,,,,,,,,,,,,,,,,,,,,,,,,,,,,,,,,,,,,,,,,,,,,,,,,,,,,,,,,,,,,,,,,,,,,,,,,,,,,,,,,,,,,,,,,,,,,,,,,,,,,,,,,,,,,,,,,,,,,,,,,,,,,,,,,,,,,,,,,,,,,,,,,,,
18,Tabela,Tabelas,2,,,,,,,,church.tb_administrador,id,igr_uuid,s_auth_t_tb_usuario_c_adm,201,8f4b1c7a-7e20-4f6b-9b4d-d95845bde1a1,1f92e0e8-3a1b-4d76-899e-901fc47958dd,202,1ca50b3f-3b59-4701-a9d3-c3f6483f8169,1f92e0e8-3a1b-4d76-899e-901fc47958dd,203,5539ad0b-e502-4f45-86c5-4c29c0a3f42d,a3c4e5a7-5d0b-4ec7-9279-73572b56db8f,204,d729cd68-f55e-4b3a-bf37-4c02c36e4d8a,7f3b9c02-d76e-4cb8-8c3c-f4e6e3e5d2bb,,,,,,,,,,,,,,,,,,,,,,,,,,,,,,,,,,,,,,,,,,,,,,,,,,,,,,,,,,,,,,,,,,,,,,,,,,,,,,,,,,,,,,,,,,,,,,,,,,,,,,,,,,,,,,,,,,,,,,,,,,,,,,,,,,,,,,,,,,,,,,,,,,,,,,,,,,,,,,,,,,,,,,,,,,,,,,,,,,,,,,,,,,,,,,,,,,,,,,,,,,,,,,,,,,,,,,,,,,,,,,,,,,,,,,,,,,,,,,,,,,,,,,,,,,,,,,,,,,,,,,,,,,,,,,,,,,,,,,,,,,,,,,,,,,,,,,,,,,,,,,,,,,,,,,,,,,,,,,,,,,,,,,,,,,,,,,,,,,,,,,,,,,,,,,,,,,,,,,,,,,,,,,,,,,,,,,,,,,,,,,,,,
19,Tabela,Tabelas,2,,,,,,,,church.tb_instrumento,id,ativo,nome,s_storage_t_tb_arquivo_c_icone,igr_uuid,301,1,teclado elétrico,23ace2ee-91ae-2ecb-ace3-ec23cc1312,8f4b1c7a-7e20-4f6b-9b4d-d95845bde1a1,302,1,saxofone,23ace2ee-91ae-2ecb-ace3-ec23cc1312,1ca50b3f-3b59-4701-a9d3-c3f6483f8169,303,0,bateria,23ace2ee-91ae-2ecb-ace3-ec23cc1312,5539ad0b-e502-4f45-86c5-4c29c0a3f42d,304,1,violão,23ace2ee-91ae-2ecb-ace3-ec23cc1312,d729cd68-f55e-4b3a-bf37-4c02c36e4d8a,,,,,,,,,,,,,,,,,,,,,,,,,,,,,,,,,,,,,,,,,,,,,,,,,,,,,,,,,,,,,,,,,,,,,,,,,,,,,,,,,,,,,,,,,,,,,,,,,,,,,,,,,,,,,,,,,,,,,,,,,,,,,,,,,,,,,,,,,,,,,,,,,,,,,,,,,,,,,,,,,,,,,,,,,,,,,,,,,,,,,,,,,,,,,,,,,,,,,,,,,,,,,,,,,,,,,,,,,,,,,,,,,,,,,,,,,,,,,,,,,,,,,,,,,,,,,,,,,,,,,,,,,,,,,,,,,,,,,,,,,,,,,,,,,,,,,,,,,,,,,,,,,,,,,,,,,,,,,,,,,,,,,,,,,,,,,,,,,,,,,,,,,,,,,,,,,,,,,,,,,,,,,,,,,,,,,,,
20,Retângulo,Formas Geométricas,2,,,,,,,,,,,,,,,,,,,,,,,,,,,,,,,,,,,,,,,,,,,,,,,,,,,,,,,,,,,,,,,,,,,,,,,,,,,,,,,,,,,,,,,,,,,,,,,,,,,,,,,,,,,,,,,,,,,,,,,,,,,,,,,,,,,,,,,,,,,,,,,,,,,,,,,,,,,,,,,,,,,,,,,,,,,,,,,,,,,,,,,,,,,,,,,,,,,,,,,,,,,,,,,,,,,,,,,,,,,,,,,,,,,,,,,,,,,,,,,,,,,,,,,,,,,,,,,,,,,,,,,,,,,,,,,,,,,,,,,,,,,,,,,,,,,,,,,,,,,,,,,,,,,,,,,,,,,,,,,,,,,,,,,,,,,,,,,,,,,,,,,,,,,,,,,,,,,,,,,,,,,,,,,,,,,,,,,,,,,,,,,,,,,,,,,,,,,,,,,,,,,,,,,,
21,Texto,Padrão,2,,,,,,,,SCHEMA ACESSIBILITY,,,,,,,,,,,,,,,,,,,,,,,,,,,,,,,,,,,,,,,,,,,,,,,,,,,,,,,,,,,,,,,,,,,,,,,,,,,,,,,,,,,,,,,,,,,,,,,,,,,,,,,,,,,,,,,,,,,,,,,,,,,,,,,,,,,,,,,,,,,,,,,,,,,,,,,,,,,,,,,,,,,,,,,,,,,,,,,,,,,,,,,,,,,,,,,,,,,,,,,,,,,,,,,,,,,,,,,,,,,,,,,,,,,,,,,,,,,,,,,,,,,,,,,,,,,,,,,,,,,,,,,,,,,,,,,,,,,,,,,,,,,,,,,,,,,,,,,,,,,,,,,,,,,,,,,,,,,,,,,,,,,,,,,,,,,,,,,,,,,,,,,,,,,,,,,,,,,,,,,,,,,,,,,,,,,,,,,,,,,,,,,,,,,,,,,,,,,,,,,,
22,Tabela,Tabelas,2,,,,,,,,tb_acessibilidade_intelectual,id,tamanho_icone,modo_foco,feedback_imediato,schema_auth_usuario_lev,1,3,1,0,1f92e0e8-3a1b-4d76-899e-901fc47958dd,2,5,0,1,a3c4e5a7-5d0b-4ec7-9279-73572b56db8f,3,2,0,0,7f3b9c02-d76e-4cb8-8c3c-f4e6e3e5d2bb,4,7,1,1,1f92e0e8-5d0b-4ec7-8c3c-f4e6e3e5d2bb,5,4,0,1,62943a94-b619-4577-93ff-ec1bd46b404f,6,1,1,0,5b4d018b-55ec-46e2-a93d-1d45dab0a7a1,7,6,1,1,00a2d5cf-b8d8-48e1-a48a-4b846868d88d,8,3,0,0,ea6a8e39-7596-4aed-92a4-675b85e2595e,9.,5,1,0,2806f174-2b66-432e-b969-a6f13333d7a3,10,2,0,1,23a941cd-f4aa-48e0-9b75-ffa071059beb,11,4,1,1,ddb0bef1-041c-4369-a2a4-78e853ed5661,12,7,0,0,0ff40f9f-858a-45cc-9c66-fa84d51271b0,13,1,1,0,80a3e455-e8bf-4162-a63b-c5b6679354dc,14,6,0,1,91fb1541-6277-4dee-b78c-1c1786146d9a,15,3,0,0,dae5cf04-1de8-4467-a2bf-d61622038dbb,16,5,1,1,07d6f083-957a-43c7-ae48-e1bc77eae2cd,17,2,1,0,831b504c-1624-4107-a9a5-97855083c019,18,4,0,0,ac48fe52-4ff7-41c8-9d43-00cbee12ac55,19,7,1,1,291b4dd8-b127-4b70-b597-798b6caddc28,20,1,0,1,a0565fc6-87ca-4f30-8c84-df7aa292303d,,,,,,,,,,,,,,,,,,,,,,,,,,,,,,,,,,,,,,,,,,,,,,,,,,,,,,,,,,,,,,,,,,,,,,,,,,,,,,,,,,,,,,,,,,,,,,,,,,,,,,,,,,,,,,,,,,,,,,,,,,,,,,,,,,,,,,,,,,,,,,,,,,,,,,,,,,,,,,,,,,,,,,,,,,,,,,,,,,,,,,,,,,,,,,,,,,,,,,,,,,,,,,,,,,,,,,,,,,,,,,,,,,,,,,,,,,,,,,,,,,,,,,,,,,,,,,,,,,,,,,,,,,,,,,,,,,,,,,,,,,,,,,,,,,,,,,,
23,Tabela,Tabelas,2,,,,,,,,tb_acessibilidade_auditiva,id,modo_flash,intensidade_flash,transcricao_audio,vibracao_aprimorada,alertas_visuais,schema_auth_usuario_lev,1,1,5,1,0,1,1f92e0e8-3a1b-4d76-899e-901fc47958dd,2,0,3,0,1,1,a3c4e5a7-5d0b-4ec7-9279-73572b56db8f,3,1,7,0,0,1,7f3b9c02-d76e-4cb8-8c3c-f4e6e3e5d2bb,4,0,2,1,1,0,1f92e0e8-5d0b-4ec7-8c3c-f4e6e3e5d2bb,5,1,6,1,0,0,62943a94-b619-4577-93ff-ec1bd46b404f,6,0,4,0,1,0,5b4d018b-55ec-46e2-a93d-1d45dab0a7a1,7,1,7,1,1,1,00a2d5cf-b8d8-48e1-a48a-4b846868d88d,8,0,1,0,0,0,ea6a8e39-7596-4aed-92a4-675b85e2595e,9,1,5,0,1,1,2806f174-2b66-432e-b969-a6f13333d7a3,10,0,3,1,0,1,23a941cd-f4aa-48e0-9b75-ffa071059beb,11,1,6,0,1,0,ddb0bef1-041c-4369-a2a4-78e853ed5661,12,0,2,1,0,0,0ff40f9f-858a-45cc-9c66-fa84d51271b0,13,1,7,0,1,1,80a3e455-e8bf-4162-a63b-c5b6679354dc,14,0,4,1,1,0,91fb1541-6277-4dee-b78c-1c1786146d9a,15,1,5,0,0,1,dae5cf04-1de8-4467-a2bf-d61622038dbb,16,0,3,1,0,1,07d6f083-957a-43c7-ae48-e1bc77eae2cd,17,1,6,0,1,0,831b504c-1624-4107-a9a5-97855083c019,18,0,2,1,0,0,ac48fe52-4ff7-41c8-9d43-00cbee12ac55,19,1,7,0,1,1,291b4dd8-b127-4b70-b597-798b6caddc28,20,0,4,1,1,0,a0565fc6-87ca-4f30-8c84-df7aa292303d,,,,,,,,,,,,,,,,,,,,,,,,,,,,,,,,,,,,,,,,,,,,,,,,,,,,,,,,,,,,,,,,,,,,,,,,,,,,,,,,,,,,,,,,,,,,,,,,,,,,,,,,,,,,,,,,,,,,,,,,,,,,,,,,,,,,,,,,,,,,,,,,,,,,,,,,,,,,,,,,,,,,,,,,,,,,,,,,,,,,,,,,,,,,,,,,,,,,,,,,,,,,,,,,,,,,,,,,,,,,,,,,,,,,,,,,,,,,,,,,,,,,,,,,,,,,,
24,Tabela,Tabelas,2,,,,,,,,tb_acessibilidade_visual,id,cor_tema,tamanho_fonte,negrito,alto_contraste,modo_daltonismo,intensidade_daltonismo,reduzir_animacoes,vibrar_ao_tocar,schema_auth_usuario_lev,1,escuro,5,1,0,1,3,0,1,1f92e0e8-3a1b-4d76-899e-901fc47958dd,2,claro,3,0,1,1,7,1,0,a3c4e5a7-5d0b-4ec7-9279-73572b56db8f,3,claro,4,0,0,0,2,0,1,7f3b9c02-d76e-4cb8-8c3c-f4e6e3e5d2bb,4,escuro,7,1,1,1,5,1,1,1f92e0e8-5d0b-4ec7-8c3c-f4e6e3e5d2bb,5,claro,2,1,0,0,1,0,0,62943a94-b619-4577-93ff-ec1bd46b404f,6,escuro,6,0,1,1,6,1,0,5b4d018b-55ec-46e2-a93d-1d45dab0a7a1,7,escuro,5,1,1,1,4,1,1,00a2d5cf-b8d8-48e1-a48a-4b846868d88d,8,claro,3,0,0,0,1,0,0,ea6a8e39-7596-4aed-92a4-675b85e2595e,9,escuro,4,1,0,1,3,0,1,2806f174-2b66-432e-b969-a6f13333d7a3,10,claro,2,0,1,0,2,1,0,23a941cd-f4aa-48e0-9b75-ffa071059beb,11,escuro,6,1,1,1,7,1,1,ddb0bef1-041c-4369-a2a4-78e853ed5661,12,claro,1,0,0,0,1,0,0,0ff40f9f-858a-45cc-9c66-fa84d51271b0,13,escuro,7,1,1,1,5,1,1,80a3e455-e8bf-4162-a63b-c5b6679354dc,14,claro,4,0,1,0,3,1,0,91fb1541-6277-4dee-b78c-1c1786146d9a,15,escuro,5,1,0,1,4,0,1,dae5cf04-1de8-4467-a2bf-d61622038dbb,16,claro,3,0,1,1,6,1,0,07d6f083-957a-43c7-ae48-e1bc77eae2cd,17,escuro,6,1,0,0,2,0,1,831b504c-1624-4107-a9a5-97855083c019,18,claro,2,0,1,1,3,1,0,ac48fe52-4ff7-41c8-9d43-00cbee12ac55,19,escuro,7,1,1,1,7,1,1,291b4dd8-b127-4b70-b597-798b6caddc28,20,claro,4,0,0,0,1,0,0,a0565fc6-87ca-4f30-8c84-df7aa292303d,,,,,,,,,,,,,,,,,,,,,,,,,,,,,,,,,,,,,,,,,,,,,,,,,,,,,,,,,,,,,,,,,,,,,,,,,,,,,,,,,,,,,,,,,,,,,,,,,,,,,,,,,,,,,,,,,,,,,,,,,,,,,,,,,,,,,,,,,,,,,,,,,,,,,,,,,,,,,,,,,,,,,,,,,,,,,,,,,,,,,,,,,,,,,,
25,Retângulo,Formas Geométricas,2,,,,,,,,,,,,,,,,,,,,,,,,,,,,,,,,,,,,,,,,,,,,,,,,,,,,,,,,,,,,,,,,,,,,,,,,,,,,,,,,,,,,,,,,,,,,,,,,,,,,,,,,,,,,,,,,,,,,,,,,,,,,,,,,,,,,,,,,,,,,,,,,,,,,,,,,,,,,,,,,,,,,,,,,,,,,,,,,,,,,,,,,,,,,,,,,,,,,,,,,,,,,,,,,,,,,,,,,,,,,,,,,,,,,,,,,,,,,,,,,,,,,,,,,,,,,,,,,,,,,,,,,,,,,,,,,,,,,,,,,,,,,,,,,,,,,,,,,,,,,,,,,,,,,,,,,,,,,,,,,,,,,,,,,,,,,,,,,,,,,,,,,,,,,,,,,,,,,,,,,,,,,,,,,,,,,,,,,,,,,,,,,,,,,,,,,,,,,,,,,,,,,,,,,
26,Texto,Padrão,2,,,,,,,,SCHEMA CHAT,,,,,,,,,,,,,,,,,,,,,,,,,,,,,,,,,,,,,,,,,,,,,,,,,,,,,,,,,,,,,,,,,,,,,,,,,,,,,,,,,,,,,,,,,,,,,,,,,,,,,,,,,,,,,,,,,,,,,,,,,,,,,,,,,,,,,,,,,,,,,,,,,,,,,,,,,,,,,,,,,,,,,,,,,,,,,,,,,,,,,,,,,,,,,,,,,,,,,,,,,,,,,,,,,,,,,,,,,,,,,,,,,,,,,,,,,,,,,,,,,,,,,,,,,,,,,,,,,,,,,,,,,,,,,,,,,,,,,,,,,,,,,,,,,,,,,,,,,,,,,,,,,,,,,,,,,,,,,,,,,,,,,,,,,,,,,,,,,,,,,,,,,,,,,,,,,,,,,,,,,,,,,,,,,,,,,,,,,,,,,,,,,,,,,,,,,,,,,,,,
27,Tabela,Tabelas,2,,,,,,,,chat.tb_conversa_por_usuario,id,quantidade_mensagens_novas,som_notificacao,notificacao_cor_led,fixada,silenciada,schema_storage_arquivo_foto,con_id,schema_auth_usuario_lev,101,5,OLHA A PEDRA,amarelo,0,1,aee1284f-9ff1-4873-9a12-028b84b0cfd2,1,1f92e0e8-3a1b-4d76-899e-901fc47958dd,102,12,JEEEESUUUUISSS,azul,0,1,8ca1c91d-60f3-4326-bf7e-8c4972df2447,2,a3c4e5a7-5d0b-4ec7-9279-73572b56db8f,103,12,"hey, you phone is linging, linging",amarelo,0,1,12552f89-79a3-49ab-aac4-9f71c2e2f9c5,3,7f3b9c02-d76e-4cb8-8c3c-f4e6e3e5d2bb,104,43,*beep beep*,azul,0,1,3a8ddf72-97d4-4a18-8d9a-8b779c9fa5e5,4,1f92e0e8-5d0b-4ec7-8c3c-f4e6e3e5d2bb,105,2,(toque da samsung),branco,0,1,e5467c70-73a4-4c12-9f8e-199f7063ac8a,5,62943a94-b619-4577-93ff-ec1bd46b404f,106,3,alarme padrão,vermelho,0,0,fbad98b9-26c1-4207-bdf1-2fce3f5dc6b3,6,5b4d018b-55ec-46e2-a93d-1d45dab0a7a1,107,45,som padrão,laranja,1,1,ace76b2c-5930-4a64-958c-ef19898f4193,7,00a2d5cf-b8d8-48e1-a48a-4b846868d88d,108,8,ow mah gawh,laranja,1,0,ace76b2c-5930-4a64-958c-ef19898f4193,8,ea6a8e39-7596-4aed-92a4-675b85e2595e,109,31,piririn piririn,branco,0,1,d9fbd96d-8743-4de7-a9fc-173b42a60e52,9,2806f174-2b66-432e-b969-a6f13333d7a3,,,,,,,,,,,,,,,,,,,,,,,,,,,,,,,,,,,,,,,,,,,,,,,,,,,,,,,,,,,,,,,,,,,,,,,,,,,,,,,,,,,,,,,,,,,,,,,,,,,,,,,,,,,,,,,,,,,,,,,,,,,,,,,,,,,,,,,,,,,,,,,,,,,,,,,,,,,,,,,,,,,,,,,,,,,,,,,,,,,,,,,,,,,,,,,,,,,,,,,,,,,,,,,,,,,,,,,,,,,,,,,,,,,,,,,,,,,,,,,,,,,,,,,,,,,,,,,,,,,,,,,,,,,,,,,,,,,,,,,,,,,,,,,,,,,,,,,,,,,,,,,,,,,,,,
28,Tabela,Tabelas,2,,,,,,,,chat.tb_conversa_mensagem,id,created_at,editado,deletado,mensagem,tipo_mensagem,duracao_midia,s_storage_t_arquivo_c_midia,con_id,s_auth_t_tb_usuario_c_lev,1,2025-07-18T08:30:00Z,0,0,[mensagem criptografada],arquivo,0,null,1,1f92e0e8-3a1b-4d76-899e-901fc47958dd,2,2025-07-18T08:30:00Z,0,0,joifeif203fifww0320h23he2r3r3r32refds,audio,123,null,1,a3c4e5a7-5d0b-4ec7-9279-73572b56db8f,3,2025-07-18T08:30:00Z,1,0,fh38hf958053ntc804xt98,texto,0,null,1,1f92e0e8-5d0b-4ec7-8c3c-f4e6e3e5d2bb,4,2025-07-18T08:30:00Z,0,0,84cn4230cm59v409u5v4,foto,21312141311424,null,2,1f92e0e8-5d0b-4ec7-8c3c-f4e6e3e5d2bb,5,2025-07-19T07:10:00Z,0,0,7xh29s8FJ29sNhf920hdf29s8haKx9Hf,arquivo,0,null,1,1f92e0e8-3a1b-4d76-899e-901fc47958dd,6,2025-07-19T07:11:00Z,0,0,sd92nfA7hf38X92hdn28sndFj29nd283,audio,153,null,2,9d7e0e8a-7b1c-4a2e-8e9d-201fc45012aa,7,2025-07-19T07:12:00Z,0,0,Kdh28dhnf029dnsKxnF93n2Xhdk92fjn,texto,0,null,1,1f92e0e8-5d0b-4ec7-8c3c-f4e6e3e5d2bb,8,2025-07-19T07:13:00Z,0,0,98sJKdn29d8xNc02838dnw7d9283hx9Z,foto,8192300000,null,3,5d12cba8-1d0f-4ee1-92ab-83572c36fc4e,9,2025-07-19T07:14:00Z,0,0,XXn82hf923hfsD9238hsdn,arquivo,0,null,2,918f0e9b-2b2b-47d1-8e9e-001fc45958cd,10,2025-07-19T07:15:00Z,0,0,LKsJ8292nfdSKL8293xn2,áudio,210,null,1,1f92e0e8-3a1b-4d76-899e-901fc47958dd,11,2025-07-19T07:16:00Z,0,0,29snc98sdnSKxZ82,foto,2183912440033,null,3,a9f29bc3-39cc-4d13-933f-201ac4c593bc,12,2025-07-19T07:17:00Z,0,0,ksjD82nxNc92hfD98dh9KsdF,arquivo,0,null,4,7d82cba8-6d2f-4ff3-95ae-13572b36db4f,13,2025-07-19T07:18:00Z,0,0,P28fndhf02X92Kx9N2f7Ksd,texto,0,null,5,1f92e0e8-5d0b-4ec7-8c3c-f4e6e3e5d2bb,14,2025-07-19T07:19:00Z,0,0,92hfJKSnf83nfK392jf,audio,192,null,2,9d7e0e8a-7b1c-4a2e-8e9d-201fc45012aa,15,2025-07-19T07:20:00Z,0,0,29Xnd29Nf20fJd902jdD892x,arquivo,0,null,1,1f92e0e8-3a1b-4d76-899e-901fc47958dd,16,2025-07-19T07:21:00Z,0,0,sj28nd8XNcF923nf92JfNXx,áudio,110,null,2,1f92e0e8-5d0b-4ec7-8c3c-f4e6e3e5d2bb,17,2025-07-19T07:22:00Z,1,0,xK2nD93JfX283nfD9f02hdjx,texto,0,null,4,a9f29bc3-39cc-4d13-933f-201ac4c593bc,18,2025-07-19T07:23:00Z,0,0,9d82nxNcKZ9x20x92NF3fKXf,arquivo,0,null,3,918f0e9b-2b2b-47d1-8e9e-001fc45958cd,19,2025-07-19T07:24:00Z,0,0,slkdJf9283nfXNdf829jdKf,audio,237,null,1,1f92e0e8-3a1b-4d76-899e-901fc47958dd,20,2025-07-19T07:25:00Z,0,0,KslD82nfJ20fXN83jdLKf20,foto,212119384932,null,5,7d82cba8-6d2f-4ff3-95ae-13572b36db4f,21,2025-07-19T07:26:00Z,0,0,KdXn283fJKd9X28xN3KfXN,foto,12000299999,null,2,9d7e0e8a-7b1c-4a2e-8e9d-201fc45012aa,22,2025-07-19T07:27:00Z,0,0,29SndF9x9Xj20K3jd92jf283h,arquivo,0,null,1,1f92e0e8-3a1b-4d76-899e-901fc47958dd,23,2025-07-19T07:28:00Z,0,0,sKfJ20xN29K3xJD938fhLKXx,audio,180,null,3,5d12cba8-1d0f-4ee1-92ab-83572c36fc4e,24,2025-07-19T07:29:00Z,0,0,9dN283JF9x83jdLKdXN98sdf,texto,0,null,4,1f92e0e8-5d0b-4ec7-8c3c-f4e6e3e5d2bb,25,2025-07-19T07:30:00Z,0,0,sdJ29fNF82KXn39JxF283dnf,audio,210,null,2,918f0e9b-2b2b-47d1-8e9e-001fc45958cd,26,2025-07-19T07:31:00Z,0,0,Ksd02jd9KXN29xJdKXn39jf,arquivo,0,null,1,1f92e0e8-3a1b-4d76-899e-901fc47958dd,27,2025-07-19T07:32:00Z,0,0,9xJdLKFJd92jdnfKXn92JXxnf,audio,143,null,4,a9f29bc3-39cc-4d13-933f-201ac4c593bc,28,2025-07-19T07:33:00Z,0,0,Px29JdNf93jdLKF02jdNXnfnK,texto,0,null,5,7d82cba8-6d2f-4ff3-95ae-13572b36db4f,29,2025-07-19T07:34:00Z,0,0,28JdNkFJdXN20JfXN29jfLKjd,audio,192,null,3,9d7e0e8a-7b1c-4a2e-8e9d-201fc45012aa,30,2025-07-19T07:35:00Z,0,0,XnfK29JdLKsK29jfLKDJ28NFf,arquivo,0,null,2,1f92e0e8-3a1b-4d76-899e-901fc47958dd,31,2025-07-19T07:36:00Z,0,0,JsK28F9XN29fjLKX20jdLKFJNx,audio,220,null,5,a9f29bc3-39cc-4d13-933f-201ac4c593bc,32,2025-07-19T07:37:00Z,0,0,98xnFJ20xJD92JdkXN29jfKXLf,foto,313210123321,null,4,1f92e0e8-5d0b-4ec7-8c3c-f4e6e3e5d2bb,33,2025-07-19T07:38:00Z,0,0,LDKfJd92jdLKFj29xNK3jdLKf,texto,0,null,2,918f0e9b-2b2b-47d1-8e9e-001fc45958cd,34,2025-07-19T07:39:00Z,0,0,KXN39jdLKFJ203jdLKFN29fXJ,audio,200,null,1,1f92e0e8-3a1b-4d76-899e-901fc47958dd,,,,,,,,,,,,,,,,,,,,,,,,,,,,,,,,,,,,,,,,,,,,,,,,,,
29,Tabela,Tabelas,2,,,,,,,,chat.tb_conversa,id,created_at,updated_at,deleted_at,deletado,tipo_lista,tipo_conversa,mostrar_tudo_novo_membro,1,2025-07-18 08:00:00+00,2025-07-18 09:15:00+00,null,0,descendente,grupo,0,2,2025-07-18 11:00:00+00,2025-07-18 11:45:00+00,2025-07-18 12:00:00+00,1,ascendente,privada,0,3,2025-07-18 13:20:00+00,2025-07-18 14:00:00+00,null,0,ascendente,privada,0,4,2025-07-18 15:10:00+00,2025-07-18 15:45:00+00,null,0,descendente,privada,0,5,2025-07-18 16:30:00+00,2025-07-18 17:15:00+00,null,0,descendente,privada,0,6,2025-07-18 19:00:00+00,2025-07-18 20:00:00+00,2025-07-18 18:00:00+00,1,ascendente,grupo,1,7,2025-07-18 20:45:00+00,2025-07-18 21:30:00+00,2025-07-18 18:00:00+00,1,ascendente,grupo,0,8,2025-07-18 22:00:00+00,2025-07-18 22:30:00+00,null,0,ascendente,privada,0,9,2025-07-19 00:10:00+00,2025-07-19 01:00:00+00,null,0,descendente,privada,1,,,,,,,,,,,,,,,,,,,,,,,,,,,,,,,,,,,,,,,,,,,,,,,,,,,,,,,,,,,,,,,,,,,,,,,,,,,,,,,,,,,,,,,,,,,,,,,,,,,,,,,,,,,,,,,,,,,,,,,,,,,,,,,,,,,,,,,,,,,,,,,,,,,,,,,,,,,,,,,,,,,,,,,,,,,,,,,,,,,,,,,,,,,,,,,,,,,,,,,,,,,,,,,,,,,,,,,,,,,,,,,,,,,,,,,,,,,,,,,,,,,,,,,,,,,,,,,,,,,,,,,,,,,,,,,,,,,,,,,,,,,,,,,,,,,,,,,,,,,,,,,,,,,,,,,,,,,,,,,,
30,Tabela,Tabelas,2,,,,,,,,church.tb_instrumento_ass_usuario,id,ins_id,s_auth_t_tb_usuario_c_lev,401,100,1f92e0e8-3a1b-4d76-899e-901fc47958dd,402,101,1f92e0e8-3a1b-4d76-899e-901fc47958dd,403,102,a3c4e5a7-5d0b-4ec7-9279-73572b56db8f,404,103,7f3b9c02-d76e-4cb8-8c3c-f4e6e3e5d2bb,,,,,,,,,,,,,,,,,,,,,,,,,,,,,,,,,,,,,,,,,,,,,,,,,,,,,,,,,,,,,,,,,,,,,,,,,,,,,,,,,,,,,,,,,,,,,,,,,,,,,,,,,,,,,,,,,,,,,,,,,,,,,,,,,,,,,,,,,,,,,,,,,,,,,,,,,,,,,,,,,,,,,,,,,,,,,,,,,,,,,,,,,,,,,,,,,,,,,,,,,,,,,,,,,,,,,,,,,,,,,,,,,,,,,,,,,,,,,,,,,,,,,,,,,,,,,,,,,,,,,,,,,,,,,,,,,,,,,,,,,,,,,,,,,,,,,,,,,,,,,,,,,,,,,,,,,,,,,,,,,,,,,,,,,,,,,,,,,,,,,,,,,,,,,,,,,,,,,,,,,,,,,,,,,,,,,,,,,,,,,,,,,
31,Tabela,Tabelas,2,,,,,,,,,church.tb_ministerio_louvor,uuid,id,created_at,updated_at,deleted_at,deletado,nome,igr_uuid,s_storage_t_tb_arquivo_c_foto,e1f2a3b4-c5d6-4e5f-b6a7-d8c9b0a1e2f3,1,2025-07-15 20:30:00,2025-07-15 20:30:00,null,0,Ministério de Acolhimento,8f4b1c7a-7e20-4f6b-9b4d-d95845bde1a1,,f2a3b4c5-d6e7-4f5a-b7b8-e9d0c1b2f3a4,2,2025-07-15 20:31:00,2025-07-15 20:31:00,null,0,Ministério de Comunicação,8f4b1c7a-7e20-4f6b-9b4d-d95845bde1a1,,a3b4c5d6-e7f8-4a5b-b8c9-f0e1d2c3a4b5,3,2025-07-15 20:32:00,2025-07-15 20:32:00,null,0,Ministério de Missões Urbanas,8f4b1c7a-7e20-4f6b-9b4d-d95845bde1a1,,b4c5d6e7-f8a9-4b5c-b9d0-a1f2e3d4b5c6,4,2025-07-15 20:33:00,2025-07-15 20:33:00,null,0,Ministério de Intercessão,1ca50b3f-3b59-4701-a9d3-c3f6483f8169,,c5d6e7f8-a9b0-4c5d-b0e1-b2a3f4d5c6d7,5,2025-07-15 20:34:00,2025-07-15 20:34:00,null,0,Escola Bíblica Dominical,1ca50b3f-3b59-4701-a9d3-c3f6483f8169,,d6e7f8a9-b0c1-4d5e-b1f2-c3b4a5d6e7f8,6,2025-07-15 20:35:00,2025-07-15 20:35:00,null,0,Ministério de Teatro e Artes,5539ad0b-e502-4f45-86c5-4c29c0a3f42d,,e7f8a9b0-c1d2-4e5f-b2a3-d4c5b6d7e8f9,7,2025-07-15 20:36:00,2025-07-15 20:36:00,null,0,Ministério de Ação Social,5539ad0b-e502-4f45-86c5-4c29c0a3f42d,,f8a9b0c1-d2e3-4f5a-b3b4-e5d6c7d8f9a0,8,2025-07-15 20:37:00,2025-07-15 20:37:00,null,0,Grupo de Estudo Bíblico,5539ad0b-e502-4f45-86c5-4c29c0a3f42d,,a9b0c1d2-e3f4-4a5b-b4c5-f6e7d8e9a0b1,9,2025-07-15 20:38:00,2025-07-15 20:38:00,null,0,Ministério de Esportes,5539ad0b-e502-4f45-86c5-4c29c0a3f42d,,b0c1d2e3-f4a5-4b5c-b5d6-a7f8e9f0b1c2,10,2025-07-15 20:39:00,2025-07-15 20:39:00,null,0,Pastoral do Dízimo,d729cd68-f55e-4b3a-bf37-4c02c36e4d8a,,c1d2e3f4-a5b6-4c5d-b6e7-b8a9f0a1c2d3,11,2025-07-15 20:40:00,2025-07-15 20:40:00,null,0,Coroinhas e Acólitos,d729cd68-f55e-4b3a-bf37-4c02c36e4d8a,,,,,,,,,,,,,,,,,,,,,,,,,,,,,,,,,,,,,,,,,,,,,,,,,,,,,,,,,,,,,,,,,,,,,,,,,,,,,,,,,,,,,,,,,,,,,,,,,,,,,,,,,,,,,,,,,,,,,,,,,,,,,,,,,,,,,,,,,,,,,,,,,,,,,,,,,,,,,,,,,,,,,,,,,,,,,,,,,,,,,,,,,,,,,,,,,,,,,,,,,,,,,,,,,,,,,,,,,,,,,,,,,,,,,,,,,,,,,,,,,,,,,,,,,,,,,,,,,,,,,,,,,,,,,,,,,,,,,,,,,,,,,,,,,,,,
32,Tabela,Tabelas,2,,,,,,,,church.tb_compromisso_tipo,id,ativo,nome,igr_uuid,501,1,adoração,8f4b1c7a-7e20-4f6b-9b4d-d95845bde1a1,502,1,ensino,1ca50b3f-3b59-4701-a9d3-c3f6483f8169,503,0,culto,5539ad0b-e502-4f45-86c5-4c29c0a3f42d,504,1,comunhão,d729cd68-f55e-4b3a-bf37-4c02c36e4d8a,,,,,,,,,,,,,,,,,,,,,,,,,,,,,,,,,,,,,,,,,,,,,,,,,,,,,,,,,,,,,,,,,,,,,,,,,,,,,,,,,,,,,,,,,,,,,,,,,,,,,,,,,,,,,,,,,,,,,,,,,,,,,,,,,,,,,,,,,,,,,,,,,,,,,,,,,,,,,,,,,,,,,,,,,,,,,,,,,,,,,,,,,,,,,,,,,,,,,,,,,,,,,,,,,,,,,,,,,,,,,,,,,,,,,,,,,,,,,,,,,,,,,,,,,,,,,,,,,,,,,,,,,,,,,,,,,,,,,,,,,,,,,,,,,,,,,,,,,,,,,,,,,,,,,,,,,,,,,,,,,,,,,,,,,,,,,,,,,,,,,,,,,,,,,,,,,,,,,,,,,,,,,,,,,,,,,,,,,,,,
33,Tabela,Tabelas,2,,,,,,,,church.tb_usuario_funcao,id,funcao,min_lou_uuid,s_auth_t_tb_usuario_c_lev,10000,ministro,b4c5d6e7-f8a9-4b5c-b9d0-a1f2e3d4b5c6,1f92e0e8-3a1b-4d76-899e-901fc47958dd,10001,líder,b4c5d6e7-f8a9-4b5c-b9d0-a1f2e3d4b5c6,a3c4e5a7-5d0b-4ec7-9279-73572b56db8f,10002,levita,b4c5d6e7-f8a9-4b5c-b9d0-a1f2e3d4b5c6,7f3b9c02-d76e-4cb8-8c3c-f4e6e3e5d2bb,10003,levita,b4c5d6e7-f8a9-4b5c-b9d0-a1f2e3d4b5c6,1f92e0e8-5d0b-4ec7-8c3c-f4e6e3e5d2bb,,,,,,,,,,,,,,,,,,,,,,,,,,,,,,,,,,,,,,,,,,,,,,,,,,,,,,,,,,,,,,,,,,,,,,,,,,,,,,,,,,,,,,,,,,,,,,,,,,,,,,,,,,,,,,,,,,,,,,,,,,,,,,,,,,,,,,,,,,,,,,,,,,,,,,,,,,,,,,,,,,,,,,,,,,,,,,,,,,,,,,,,,,,,,,,,,,,,,,,,,,,,,,,,,,,,,,,,,,,,,,,,,,,,,,,,,,,,,,,,,,,,,,,,,,,,,,,,,,,,,,,,,,,,,,,,,,,,,,,,,,,,,,,,,,,,,,,,,,,,,,,,,,,,,,,,,,,,,,,,,,,,,,,,,,,,,,,,,,,,,,,,,,,,,,,,,,,,,,,,,,,,,,,,,,,,,,,,,,,,
34,Retângulo,Formas Geométricas,2,,,,,,,,s,,,,,,,,,,,,,,,,,,,,,,,,,,,,,,,,,,,,,,,,,,,,,,,,,,,,,,,,,,,,,,,,,,,,,,,,,,,,,,,,,,,,,,,,,,,,,,,,,,,,,,,,,,,,,,,,,,,,,,,,,,,,,,,,,,,,,,,,,,,,,,,,,,,,,,,,,,,,,,,,,,,,,,,,,,,,,,,,,,,,,,,,,,,,,,,,,,,,,,,,,,,,,,,,,,,,,,,,,,,,,,,,,,,,,,,,,,,,,,,,,,,,,,,,,,,,,,,,,,,,,,,,,,,,,,,,,,,,,,,,,,,,,,,,,,,,,,,,,,,,,,,,,,,,,,,,,,,,,,,,,,,,,,,,,,,,,,,,,,,,,,,,,,,,,,,,,,,,,,,,,,,,,,,,,,,,,,,,,,,,,,,,,,,,,,,,,,,,,,,,
35,Texto,Padrão,2,,,,,,,,SCHEMA NOTIFICATION,,,,,,,,,,,,,,,,,,,,,,,,,,,,,,,,,,,,,,,,,,,,,,,,,,,,,,,,,,,,,,,,,,,,,,,,,,,,,,,,,,,,,,,,,,,,,,,,,,,,,,,,,,,,,,,,,,,,,,,,,,,,,,,,,,,,,,,,,,,,,,,,,,,,,,,,,,,,,,,,,,,,,,,,,,,,,,,,,,,,,,,,,,,,,,,,,,,,,,,,,,,,,,,,,,,,,,,,,,,,,,,,,,,,,,,,,,,,,,,,,,,,,,,,,,,,,,,,,,,,,,,,,,,,,,,,,,,,,,,,,,,,,,,,,,,,,,,,,,,,,,,,,,,,,,,,,,,,,,,,,,,,,,,,,,,,,,,,,,,,,,,,,,,,,,,,,,,,,,,,,,,,,,,,,,,,,,,,,,,,,,,,,,,,,,,,,,,,,,,,
36,Tabela,Tabelas,2,,,,,,,,notification.tb_notificacao_configuracao,id,ativar_notificacoes,mostrar_em_tela_bloqueio,nao_pertubar_horario,horario_inicio,horario_fim,nao_pertubar_dia,nao_pertubar_com_app_aberto,cor_pop_up,cor_led,schema_auth_usuario_lev,1,1,1,0,null,null,0,0,1,1,1f92e0e8-3a1b-4d76-899e-901fc47958dd,2,1,1,1,2024-07-06T08:00:00Z,2024-07-06T12:30:00Z,1,1,1,1,a3c4e5a7-5d0b-4ec7-9279-73572b56db8f,3,1,1,1,2024-07-06T09:15:00Z,2024-07-06T17:45:00Z,1,1,1,1,7f3b9c02-d76e-4cb8-8c3c-f4e6e3e5d2bb,4,1,1,1,2024-07-06T10:00:00Z,2024-07-06T22:00:00Z,1,1,1,1,1f92e0e8-5d0b-4ec7-8c3c-f4e6e3e5d2bb,5,1,1,1,2024-07-06T11:30:00Z,2024-07-06T20:00:00Z,1,1,1,1,62943a94-b619-4577-93ff-ec1bd46b404f,6,1,1,1,2024-07-06T07:45:00Z,2024-07-06T15:30:00Z,1,1,1,1,5b4d018b-55ec-46e2-a93d-1d45dab0a7a1,7,1,1,1,2024-07-06T14:00:00Z,2024-07-06T18:30:00Z,1,1,1,1,00a2d5cf-b8d8-48e1-a48a-4b846868d88d,8,1,1,1,2024-07-06T13:20:00Z,2024-07-06T19:45:00Z,1,1,1,1,ea6a8e39-7596-4aed-92a4-675b85e2595e,9,1,1,1,2024-07-06T06:30:00Z,2024-07-06T11:00:00Z,1,1,1,1,2806f174-2b66-432e-b969-a6f13333d7a3,10,1,1,1,2024-07-06T16:00:00Z,2024-07-06T23:00:00Z,1,1,1,1,23a941cd-f4aa-48e0-9b75-ffa071059beb,11,1,1,1,2024-07-06T15:45:00Z,2024-07-06T21:15:00Z,1,1,1,1,ddb0bef1-041c-4369-a2a4-78e853ed5661,12,1,1,1,2024-07-06T10:30:00Z,2024-07-06T16:00:00Z,1,1,1,1,0ff40f9f-858a-45cc-9c66-fa84d51271b0,13,1,1,1,2024-07-06T09:00:00Z,2024-07-06T13:00:00Z,1,1,1,1,80a3e455-e8bf-4162-a63b-c5b6679354dc,14,1,1,1,2024-07-06T12:00:00Z,2024-07-06T19:00:00Z,1,1,1,1,91fb1541-6277-4dee-b78c-1c1786146d9a,15,1,1,1,2024-07-06T08:45:00Z,2024-07-06T14:15:00Z,1,1,1,1,dae5cf04-1de8-4467-a2bf-d61622038dbb,16,1,1,1,2024-07-06T17:00:00Z,2024-07-06T22:45:00Z,1,1,1,1,07d6f083-957a-43c7-ae48-e1bc77eae2cd,17,1,1,1,2024-07-06T06:00:00Z,2024-07-06T12:00:00Z,1,1,1,1,831b504c-1624-4107-a9a5-97855083c019,18,1,1,1,2024-07-06T18:30:00Z,2024-07-06T23:30:00Z,1,1,1,1,ac48fe52-4ff7-41c8-9d43-00cbee12ac55,19,1,1,1,2024-07-06T11:45:00Z,2024-07-06T17:30:00Z,1,1,1,1,291b4dd8-b127-4b70-b597-798b6caddc28,20,1,1,1,2024-07-06T07:30:00Z,2024-07-06T10:45:00Z,1,1,1,1,a0565fc6-87ca-4f30-8c84-df7aa292303d,,,,,,,,,,,,,,,,,,,,,,,,,,,,,,,,,,,,,,,,,,,,,,,,,,,,,,,,,,,,,,,,,,,,,,,,,,,,,,,,,,,,,,,,,,,,,,,,,,,,,,,,,,,,,,,,,,,,,,,,,,,,,,,,,,,,,,,,,,,,,,,,,,,,,,,,,,,,,,,,,,,,,,,,,
37,Tabela,Tabelas,2,,,,,,,,notification.tb_nao_pertubar_horario,id,dia,schema_auth_usuario_lev,10001,,1f92e0e8-3a1b-4d76-899e-901fc47958dd,10002,,a3c4e5a7-5d0b-4ec7-9279-73572b56db8f,10003,,7f3b9c02-d76e-4cb8-8c3c-f4e6e3e5d2bb,10004,,1f92e0e8-5d0b-4ec7-8c3c-f4e6e3e5d2bb,10005,,62943a94-b619-4577-93ff-ec1bd46b404f,10006,,5b4d018b-55ec-46e2-a93d-1d45dab0a7a1,10007,,00a2d5cf-b8d8-48e1-a48a-4b846868d88d,10008,,ea6a8e39-7596-4aed-92a4-675b85e2595e,10009,,2806f174-2b66-432e-b969-a6f13333d7a3,10010,,23a941cd-f4aa-48e0-9b75-ffa071059beb,10011,,ddb0bef1-041c-4369-a2a4-78e853ed5661,10012,,0ff40f9f-858a-45cc-9c66-fa84d51271b0,10013,,80a3e455-e8bf-4162-a63b-c5b6679354dc,10014,,91fb1541-6277-4dee-b78c-1c1786146d9a,10015,,dae5cf04-1de8-4467-a2bf-d61622038dbb,10016,,07d6f083-957a-43c7-ae48-e1bc77eae2cd,10017,,831b504c-1624-4107-a9a5-97855083c019,10018,,ac48fe52-4ff7-41c8-9d43-00cbee12ac55,10019,,291b4dd8-b127-4b70-b597-798b6caddc28,10020,,a0565fc6-87ca-4f30-8c84-df7aa292303d,,,,,,,,,,,,,,,,,,,,,,,,,,,,,,,,,,,,,,,,,,,,,,,,,,,,,,,,,,,,,,,,,,,,,,,,,,,,,,,,,,,,,,,,,,,,,,,,,,,,,,,,,,,,,,,,,,,,,,,,,,,,,,,,,,,,,,,,,,,,,,,,,,,,,,,,,,,,,,,,,,,,,,,,,,,,,,,,,,,,,,,,,,,,,,,,,,,,,,,,,,,,,,,,,,,,,,,,,,,,,,,,,,,,,,,,,,,,,,,,,,,,,,,,,,,,,,,,,,,,,,,,,,,,,,,,,,,,,,,,,,,,,,,,,,,,,,,,,,,,,,,,,,,,,,,,,,,,,,,,,,,,,,,,,,,,,,,,,
38,Tabela,Tabelas,2,,,,,,,,notification.tb_nao_pertubar_dia,id,dia,schema_auth_usuario_lev,50001,,1f92e0e8-3a1b-4d76-899e-901fc47958dd,50002,,a3c4e5a7-5d0b-4ec7-9279-73572b56db8f,50003,,7f3b9c02-d76e-4cb8-8c3c-f4e6e3e5d2bb,50004,,1f92e0e8-5d0b-4ec7-8c3c-f4e6e3e5d2bb,50005,,62943a94-b619-4577-93ff-ec1bd46b404f,50006,,5b4d018b-55ec-46e2-a93d-1d45dab0a7a1,50007,,00a2d5cf-b8d8-48e1-a48a-4b846868d88d,50008,,ea6a8e39-7596-4aed-92a4-675b85e2595e,50009,,2806f174-2b66-432e-b969-a6f13333d7a3,50010,,23a941cd-f4aa-48e0-9b75-ffa071059beb,50011,,ddb0bef1-041c-4369-a2a4-78e853ed5661,50012,,0ff40f9f-858a-45cc-9c66-fa84d51271b0,50013,,80a3e455-e8bf-4162-a63b-c5b6679354dc,50014,,91fb1541-6277-4dee-b78c-1c1786146d9a,50015,,dae5cf04-1de8-4467-a2bf-d61622038dbb,50016,,07d6f083-957a-43c7-ae48-e1bc77eae2cd,50017,,831b504c-1624-4107-a9a5-97855083c019,50018,,ac48fe52-4ff7-41c8-9d43-00cbee12ac55,50019,,291b4dd8-b127-4b70-b597-798b6caddc28,50020,,a0565fc6-87ca-4f30-8c84-df7aa292303d,,,,,,,,,,,,,,,,,,,,,,,,,,,,,,,,,,,,,,,,,,,,,,,,,,,,,,,,,,,,,,,,,,,,,,,,,,,,,,,,,,,,,,,,,,,,,,,,,,,,,,,,,,,,,,,,,,,,,,,,,,,,,,,,,,,,,,,,,,,,,,,,,,,,,,,,,,,,,,,,,,,,,,,,,,,,,,,,,,,,,,,,,,,,,,,,,,,,,,,,,,,,,,,,,,,,,,,,,,,,,,,,,,,,,,,,,,,,,,,,,,,,,,,,,,,,,,,,,,,,,,,,,,,,,,,,,,,,,,,,,,,,,,,,,,,,,,,,,,,,,,,,,,,,,,,,,,,,,,,,,,,,,,,,,,,,,,,,,
39,Tabela,Tabelas,2,,,,,,,,notification.tb_notificacao_cor,id,nome,schema_storage_arquivo_icone,100,branco,,101,vermelho,,102,azul,,103,verde,,,,,,,,,,,,,,,,,,,,,,,,,,,,,,,,,,,,,,,,,,,,,,,,,,,,,,,,,,,,,,,,,,,,,,,,,,,,,,,,,,,,,,,,,,,,,,,,,,,,,,,,,,,,,,,,,,,,,,,,,,,,,,,,,,,,,,,,,,,,,,,,,,,,,,,,,,,,,,,,,,,,,,,,,,,,,,,,,,,,,,,,,,,,,,,,,,,,,,,,,,,,,,,,,,,,,,,,,,,,,,,,,,,,,,,,,,,,,,,,,,,,,,,,,,,,,,,,,,,,,,,,,,,,,,,,,,,,,,,,,,,,,,,,,,,,,,,,,,,,,,,,,,,,,,,,,,,,,,,,,,,,,,,,,,,,,,,,,,,,,,,,,,,,,,,,,,,,,,,,,,,,,,,,,,,,,,,,,,,,,,,,,,
40,Tabela,Tabelas,2,,,,,,,,notification.tb_notificacao_tipo,id,nome,schema_storage_arquivo_icone,10,evento,,11,mensagem,,12,notificacao,,13,registro-ausencia,,14,sistema,,,,,,,,,,,,,,,,,,,,,,,,,,,,,,,,,,,,,,,,,,,,,,,,,,,,,,,,,,,,,,,,,,,,,,,,,,,,,,,,,,,,,,,,,,,,,,,,,,,,,,,,,,,,,,,,,,,,,,,,,,,,,,,,,,,,,,,,,,,,,,,,,,,,,,,,,,,,,,,,,,,,,,,,,,,,,,,,,,,,,,,,,,,,,,,,,,,,,,,,,,,,,,,,,,,,,,,,,,,,,,,,,,,,,,,,,,,,,,,,,,,,,,,,,,,,,,,,,,,,,,,,,,,,,,,,,,,,,,,,,,,,,,,,,,,,,,,,,,,,,,,,,,,,,,,,,,,,,,,,,,,,,,,,,,,,,,,,,,,,,,,,,,,,,,,,,,,,,,,,,,,,,,,,,,,,,,,,,,,,,,,
41,Tabela,Tabelas,2,,,,,,,,notification.tb_notificacao_tipo_por_usuario,id,ativo,not_tip,schema_auth_usuario_lev,50,1,10,62943a94-b619-4577-93ff-ec1bd46b404f,51,1,11,5b4d018b-55ec-46e2-a93d-1d45dab0a7a1,52,1,12,00a2d5cf-b8d8-48e1-a48a-4b846868d88d,53,1,13,ea6a8e39-7596-4aed-92a4-675b85e2595e,,,,,,,,,,,,,,,,,,,,,,,,,,,,,,,,,,,,,,,,,,,,,,,,,,,,,,,,,,,,,,,,,,,,,,,,,,,,,,,,,,,,,,,,,,,,,,,,,,,,,,,,,,,,,,,,,,,,,,,,,,,,,,,,,,,,,,,,,,,,,,,,,,,,,,,,,,,,,,,,,,,,,,,,,,,,,,,,,,,,,,,,,,,,,,,,,,,,,,,,,,,,,,,,,,,,,,,,,,,,,,,,,,,,,,,,,,,,,,,,,,,,,,,,,,,,,,,,,,,,,,,,,,,,,,,,,,,,,,,,,,,,,,,,,,,,,,,,,,,,,,,,,,,,,,,,,,,,,,,,,,,,,,,,,,,,,,,,,,,,,,,,,,,,,,,,,,,,,,,,,,,,,,,,,,,,,,,,,,,,
42,Tabela,Tabelas,2,,,,,,,,notification.tb_notificacao,id,created_at,descricao,link,not_tip,schema_auth_usuario_notificado,schema_auth_usuario_notificador,1,2025-07-19T08:00:00Z,Marcos te mandou uma mensagem,https://nosso.dominio.com/v1/conversas/chat=1dcs12-4fe2-fse2-ewr2-123dwewew,11,1f92e0e8-3a1b-4d76-899e-901fc47958dd,1f92e0e8-3a1b-4d76-899e-901fc47958dd,2,2025-07-19T08:15:00Z,Nova escala para o próximo mês disponível. Veja suas escalas!,https://nosso.dominio.com/v1/igreja=leraraasn231/ministerio/e1eu3hiru/escalas/1231231,10,a3c4e5a7-5d0b-4ec7-9279-73572b56db8f,1f92e0e8-3a1b-4d76-899e-901fc47958dd,3,2025-07-19T08:45:00Z,Atualização disponível,https://nosso.dominio.com/v1/atualizar-app,14,7f3b9c02-d76e-4cb8-8c3c-f4e6e3e5d2bb,a3c4e5a7-5d0b-4ec7-9279-73572b56db8f,4,2025-07-19T09:10:00Z,"Não perca seus dados, ative o backup diário!",https://nosso.dominio.com/v1/sugestoes-e-dicas,14,1f92e0e8-5d0b-4ec7-8c3c-f4e6e3e5d2bb,7f3b9c02-d76e-4cb8-8c3c-f4e6e3e5d2bb,5,2025-07-19T09:30:00Z,Você foi mencionado em uma conversa,https://nosso.dominio.com/v1/notificacoes-gerais/mencoes,11,62943a94-b619-4577-93ff-ec1bd46b404f,1f92e0e8-3a1b-4d76-899e-901fc47958dd,6,2025-07-19T09:50:00Z,"""Fulano"" registrou ausência para dia 17/01",https://nosso.dominio.com/v1/igreja=leraraasn231/ministerio/e1eu3hiru/escalas/123231/ausecias,13,5b4d018b-55ec-46e2-a93d-1d45dab0a7a1,1f92e0e8-3a1b-4d76-899e-901fc47958dd,7,2025-07-19T10:20:00Z,Seu gestor publicou uma nova escala. Confira suas escalas!,https://nosso.dominio.com/v1/igreja=leraraasn231/ministerio/e1eu3hiru/escalas/1231231,10,00a2d5cf-b8d8-48e1-a48a-4b846868d88d,a3c4e5a7-5d0b-4ec7-9279-73572b56db8f,8,2025-07-19T10:45:00Z,Você foi mencionado em uma conversa,https://nosso.dominio.com/v1/notificacoes-gerais/mencoes,11,ea6a8e39-7596-4aed-92a4-675b85e2595e,7f3b9c02-d76e-4cb8-8c3c-f4e6e3e5d2bb,9,2025-07-19T11:10:00Z,Você foi convidado para participar de um ministério,https://nosso.dominio.com/v1/convites,14,2806f174-2b66-432e-b969-a6f13333d7a3,1f92e0e8-3a1b-4d76-899e-901fc47958dd,10,2025-07-19T11:40:00Z,"Você foi promovido para líder no ministério ""Culto de Jovens""",https://nosso.dominio.com/v1/notificacoes-gerais/promocoes,14,23a941cd-f4aa-48e0-9b75-ffa071059beb,1f92e0e8-3a1b-4d76-899e-901fc47958dd,11,2025-07-19T12:00:00Z,"Um membro do ministério ""Culto de Jovens"" registrou ausência para 19/09. Confira os detalhes",https://nosso.dominio.com/v1/igreja=leraraasn231/ministerio/e1eu3hiru/escalas/1231231/ausencias,13,ddb0bef1-041c-4369-a2a4-78e853ed5661,1f92e0e8-3a1b-4d76-899e-901fc47958dd,12,2025-07-19T12:25:00Z,Nova escala para o próximo mês disponível. Veja suas escalas!,https://nosso.dominio.com/v1/igreja=leraraasn231/ministerio/e1eu3hiru/escalas/1231231,10,91fb1541-6277-4dee-b78c-1c1786146d9a,1f92e0e8-3a1b-4d76-899e-901fc47958dd,13,2025-07-19T12:55:00Z,Nova escala para o próximo mês disponível. Veja suas escalas!,https://nosso.dominio.com/v1/igreja=leraraasn231/ministerio/e1eu3hiru/escalas/1231231,10,dae5cf04-1de8-4467-a2bf-d61622038dbb,1f92e0e8-3a1b-4d76-899e-901fc47958dd,14,2025-07-19T13:20:00Z,Nova escala para o próximo mês disponível. Veja suas escalas!,https://nosso.dominio.com/v1/igreja=leraraasn231/ministerio/e1eu3hiru/escalas/1231231,10,07d6f083-957a-43c7-ae48-e1bc77eae2cd,a3c4e5a7-5d0b-4ec7-9279-73572b56db8f,15,2025-07-19T13:45:00Z,Nova escala para o próximo mês disponível. Veja suas escalas!,https://nosso.dominio.com/v1/igreja=leraraasn231/ministerio/e1eu3hiru/escalas/1231231,10,831b504c-1624-4107-a9a5-97855083c019,7f3b9c02-d76e-4cb8-8c3c-f4e6e3e5d2bb,,,,,,,,,,,,,,,,,,,,,,,,,,,,,,,,,,,,,,,,,,,,,,,,,,,,,,,,,,,,,,,,,,,,,,,,,,,,,,,,,,,,,,,,,,,,,,,,,,,,,,,,,,,,,,,,,,,,,,,,,,,,,,,,,,,,,,,,,,,,,,,,,,,,,,,,,,,,,,,,,,,,,,,,,,,,,,,,,,,,,,,,,,,,,,,,,,,,,,,,,,,,,,,,,,,,,,,,,,,,,,,,,,,,,,,,,,,,,,,,,,,,,,,,,,,,,,,,,,,,,,,,,,,,,,,,,,,,,,,,,,,,,,,,
43,Retângulo,Formas Geométricas,2,,,,,,,,S,,,,,,,,,,,,,,,,,,,,,,,,,,,,,,,,,,,,,,,,,,,,,,,,,,,,,,,,,,,,,,,,,,,,,,,,,,,,,,,,,,,,,,,,,,,,,,,,,,,,,,,,,,,,,,,,,,,,,,,,,,,,,,,,,,,,,,,,,,,,,,,,,,,,,,,,,,,,,,,,,,,,,,,,,,,,,,,,,,,,,,,,,,,,,,,,,,,,,,,,,,,,,,,,,,,,,,,,,,,,,,,,,,,,,,,,,,,,,,,,,,,,,,,,,,,,,,,,,,,,,,,,,,,,,,,,,,,,,,,,,,,,,,,,,,,,,,,,,,,,,,,,,,,,,,,,,,,,,,,,,,,,,,,,,,,,,,,,,,,,,,,,,,,,,,,,,,,,,,,,,,,,,,,,,,,,,,,,,,,,,,,,,,,,,,,,,,,,,,,,
44,Texto,Padrão,2,,,,,,,,SCHEMA PRAISE,,,,,,,,,,,,,,,,,,,,,,,,,,,,,,,,,,,,,,,,,,,,,,,,,,,,,,,,,,,,,,,,,,,,,,,,,,,,,,,,,,,,,,,,,,,,,,,,,,,,,,,,,,,,,,,,,,,,,,,,,,,,,,,,,,,,,,,,,,,,,,,,,,,,,,,,,,,,,,,,,,,,,,,,,,,,,,,,,,,,,,,,,,,,,,,,,,,,,,,,,,,,,,,,,,,,,,,,,,,,,,,,,,,,,,,,,,,,,,,,,,,,,,,,,,,,,,,,,,,,,,,,,,,,,,,,,,,,,,,,,,,,,,,,,,,,,,,,,,,,,,,,,,,,,,,,,,,,,,,,,,,,,,,,,,,,,,,,,,,,,,,,,,,,,,,,,,,,,,,,,,,,,,,,,,,,,,,,,,,,,,,,,,,,,,,,,,,,,,,,
45,Tabela,Tabelas,2,,,,,,,,praise.tb_medley,id,nome,quantidade_musicas,s_auth_t_usuario_c_min,1,Deus é Vida,3,1f92e0e8-3a1b-4d76-899e-901fc47958dd,2,"Viver em Ti, Senhor",2,a3c4e5a7-5d0b-4ec7-9279-73572b56db8f,3,Tu Nunca me Deixou Só,5,7f3b9c02-d76e-4cb8-8c3c-f4e6e3e5d2bb,4,Jamais Desviar,8,1f92e0e8-5d0b-4ec7-8c3c-f4e6e3e5d2bb,,,,,,,,,,,,,,,,,,,,,,,,,,,,,,,,,,,,,,,,,,,,,,,,,,,,,,,,,,,,,,,,,,,,,,,,,,,,,,,,,,,,,,,,,,,,,,,,,,,,,,,,,,,,,,,,,,,,,,,,,,,,,,,,,,,,,,,,,,,,,,,,,,,,,,,,,,,,,,,,,,,,,,,,,,,,,,,,,,,,,,,,,,,,,,,,,,,,,,,,,,,,,,,,,,,,,,,,,,,,,,,,,,,,,,,,,,,,,,,,,,,,,,,,,,,,,,,,,,,,,,,,,,,,,,,,,,,,,,,,,,,,,,,,,,,,,,,,,,,,,,,,,,,,,,,,,,,,,,,,,,,,,,,,,,,,,,,,,,,,,,,,,,,,,,,,,,,,,,,,,,,,,,,,,,,,,,,,,,,,
46,Tabela,Tabelas,2,,,,,,,,praise.tb_musica,id,nome,artista_principal,duracao,link_musica,link_letra,link_cifra,link_partitura,s_storage_t_arquivo_c_foto,s_auth_t_usuario_min,1001,Semeador,Jesus Cristo,04:22,linknemumpoucosuspeitoconfia.com,outrolinkmuitoconfiavel.com,linkexemplocifra.com,linkexemplopartitura.com,,1f92e0e8-3a1b-4d76-899e-901fc47958dd,1002,Mensageiro do Pai,Anjo Daminhoso,02:15,linknemumpoucosuspeitoconfia.com,outrolinkmuitoconfiavel.com,linkexemplocifra.com,linkexemplopartitura.com,,a3c4e5a7-5d0b-4ec7-9279-73572b56db8f,1003,Novinhas Religiosas,Jocarino Gustavo,03:10,linknemumpoucosuspeitoconfia.com,outrolinkmuitoconfiavel.com,linkexemplocifra.com,linkexemplopartitura.com,,7f3b9c02-d76e-4cb8-8c3c-f4e6e3e5d2bb,1004,Fé é Amor,Henrique Bucchi,02:45,linknemumpoucosuspeitoconfia.com,outrolinkmuitoconfiavel.com,linkexemplocifra.com,linkexemplopartitura.com,,1f92e0e8-5d0b-4ec7-8c3c-f4e6e3e5d2bb,1005,Esperança Viva,Julia Nogueira,03:10,linkesperancaviva.com,letraesperancaviva.com,cifraesperancaviva.com,partituraesperancaviva.com,,62943a94-b619-4577-93ff-ec1bd46b404f,1006,Caminho da Luz,André Souza,04:20,linkcaminhodaluz.com,letracaminhodaluz.com,cifracaminhodaluz.com,partituracaminhodaluz.com,,1f92e0e8-3a1b-4d76-899e-901fc47958dd,1007,Teu Nome Exalto,Bruna Costa,02:55,linkteunomeexalto.com,letrateunomeexalto.com,cifrateunomeexalto.com,partiturateunomeexalto.com,,a3c4e5a7-5d0b-4ec7-9279-73572b56db8f,1008,Onde Habita o Amor,Lucas Prado,03:35,linkondehabitaoamor.com,letraondehabitaoamor.com,cifraondehabitaoamor.com,partituraondehabitaoamor.com,,7f3b9c02-d76e-4cb8-8c3c-f4e6e3e5d2bb,1009,Sopro de Vida,Carla Martins,03:05,linksoprodevida.com,letrasoprodevida.com,cifrasoprodevida.com,partiturasoprodevida.com,,1f92e0e8-5d0b-4ec7-8c3c-f4e6e3e5d2bb,1010,Além do Horizonte,Paulo César,04:45,linkalemdohorizonte.com,letrademusicahorizonte.com,cifrahorizonte.com,partiturahorizonte.com,,62943a94-b619-4577-93ff-ec1bd46b404f,1011,Estrela Guia,Aline Ramos,03:25,linkestrelaguia.com,letraestrelaguia.com,cifraestrelaguia.com,partituraestrelaguia.com,,1f92e0e8-3a1b-4d76-899e-901fc47958dd,1012,Chama do Amor,Renato Farias,02:50,linkchamadoamor.com,letrachamadoamor.com,cifrachamadoamor.com,partiturachamadoamor.com,,a3c4e5a7-5d0b-4ec7-9279-73572b56db8f,1013,Oração Serena,Mariana Pires,03:40,linkoracaoserena.com,letraoracaoserena.com,cifraoracaoserena.com,partituraoracaoserena.com,,1f92e0e8-3a1b-4d76-899e-901fc47958dd,1014,Clamor da Alvorada,Tiago Lopes,05:00,linkclamordaalvorada.com,letraclamordaalvorada.com,cifraclamordaalvorada.com,partituraclamordaalvorada.com,,a3c4e5a7-5d0b-4ec7-9279-73572b56db8f,1015,Vento e Graça,Felipe Andrade,03:15,linkventoegraca.com,letraventoegraca.com,cifraventoegraca.com,partituraventoegraca.com,,7f3b9c02-d76e-4cb8-8c3c-f4e6e3e5d2bb,1016,Cristo Me Guia,Jéssica Lima,03:50,linkcristomeguia.com,letracristomeguia.com,cifracristomeguia.com,partituracristomeguia.com,,1f92e0e8-5d0b-4ec7-8c3c-f4e6e3e5d2bb,1017,Esperança Sem Fim,Matheus Silva,04:00,linkesperancasemfim.com,letraesperancasemfim.com,cifraesperancasemfim.com,partituraesperancasemfim.com,,62943a94-b619-4577-93ff-ec1bd46b404f,,,,,,,,,,,,,,,,,,,,,,,,,,,,,,,,,,,,,,,,,,,,,,,,,,,,,,,,,,,,,,,,,,,,,,,,,,,,,,,,,,,,,,,,,,,,,,,,,,,,,,,,,,,,,,,,,,,,,,,,,,,,,,,,,,,,,,,,,,,,,,,,,,,,,,,,,,,,,,,,,,,,,,,,,,,,,,,,,,,,,,,,,,,,,,,,,,,,,,,,,,,,,,,,,,,,,,,,,,,,
47,Tabela,Tabelas,2,,,,,,,,praise.medley_musica,id,posicao,med_id,mus_id,101,1,1,1001,102,2,1,1002,103,3,1,1003,104,1,2,1004,105,2,2,1005,106,1,3,1006,107,2,3,1007,108,3,3,1008,109,4,3,1009,110,5,3,1010,111,1,4,1011,112,2,4,1012,113,3,4,1013,114,4,4,1014,115,5,4,1015,116,6,4,1016,117,7,4,1017,118,8,4,1016,,,,,,,,,,,,,,,,,,,,,,,,,,,,,,,,,,,,,,,,,,,,,,,,,,,,,,,,,,,,,,,,,,,,,,,,,,,,,,,,,,,,,,,,,,,,,,,,,,,,,,,,,,,,,,,,,,,,,,,,,,,,,,,,,,,,,,,,,,,,,,,,,,,,,,,,,,,,,,,,,,,,,,,,,,,,,,,,,,,,,,,,,,,,,,,,,,,,,,,,,,,,,,,,,,,,,,,,,,,,,,,,,,,,,,,,,,,,,,,,,,,,,,,,,,,,,,,,,,,,,,,,,,,,,,,,,,,,,,,,,,,,,,,,,,,,,,,,,,,,,,,,,,,,,,,,,,,,,,,,,,,,
48,Tabela,Tabelas,2,,,,,,,,praise.tb_musica_tonalidade,id,tonalidade,parte,mus_id,4001,C,meio,1001,4002,C#,ponte,1001,4003,Mi,refrão,1001,4004,Sol,final,1001,4005,Si,meio,1002,4006,La,final,1002,4007,Ré,meio,1003,4008,Si,final,1003,,,,,,,,,,,,,,,,,,,,,,,,,,,,,,,,,,,,,,,,,,,,,,,,,,,,,,,,,,,,,,,,,,,,,,,,,,,,,,,,,,,,,,,,,,,,,,,,,,,,,,,,,,,,,,,,,,,,,,,,,,,,,,,,,,,,,,,,,,,,,,,,,,,,,,,,,,,,,,,,,,,,,,,,,,,,,,,,,,,,,,,,,,,,,,,,,,,,,,,,,,,,,,,,,,,,,,,,,,,,,,,,,,,,,,,,,,,,,,,,,,,,,,,,,,,,,,,,,,,,,,,,,,,,,,,,,,,,,,,,,,,,,,,,,,,,,,,,,,,,,,,,,,,,,,,,,,,,,,,,,,,,,,,,,,,,,,,,,,,,,,,,,,,,,,,,,,,,,,,,,,,,
49,Tabela,Tabelas,2,,,,,,,,praise.tb_musica_artista_secundario,id,nome,mus_id,3001,Junin Bruno,1001,3002,Simão Pontes,1001,3003,Arthur Dotsiekvosk,1003,3004,Romero Libertador,1004,,,,,,,,,,,,,,,,,,,,,,,,,,,,,,,,,,,,,,,,,,,,,,,,,,,,,,,,,,,,,,,,,,,,,,,,,,,,,,,,,,,,,,,,,,,,,,,,,,,,,,,,,,,,,,,,,,,,,,,,,,,,,,,,,,,,,,,,,,,,,,,,,,,,,,,,,,,,,,,,,,,,,,,,,,,,,,,,,,,,,,,,,,,,,,,,,,,,,,,,,,,,,,,,,,,,,,,,,,,,,,,,,,,,,,,,,,,,,,,,,,,,,,,,,,,,,,,,,,,,,,,,,,,,,,,,,,,,,,,,,,,,,,,,,,,,,,,,,,,,,,,,,,,,,,,,,,,,,,,,,,,,,,,,,,,,,,,,,,,,,,,,,,,,,,,,,,,,,,,,,,,,,,,,,,,,,,,,,,,,,,,,,
50,Tabela,Tabelas,2,,,,,,,,praise.tb_musica_bpm,id,bpm,parte,mus_id,2001,120,meio,1001,2002,100,ponte,1001,2003,60,refrão,1001,2004,115,final,1001,2005,78,meio,1002,2006,100,final,1002,2007,100,meio,1003,2008,115,final,1003,,,,,,,,,,,,,,,,,,,,,,,,,,,,,,,,,,,,,,,,,,,,,,,,,,,,,,,,,,,,,,,,,,,,,,,,,,,,,,,,,,,,,,,,,,,,,,,,,,,,,,,,,,,,,,,,,,,,,,,,,,,,,,,,,,,,,,,,,,,,,,,,,,,,,,,,,,,,,,,,,,,,,,,,,,,,,,,,,,,,,,,,,,,,,,,,,,,,,,,,,,,,,,,,,,,,,,,,,,,,,,,,,,,,,,,,,,,,,,,,,,,,,,,,,,,,,,,,,,,,,,,,,,,,,,,,,,,,,,,,,,,,,,,,,,,,,,,,,,,,,,,,,,,,,,,,,,,,,,,,,,,,,,,,,,,,,,,,,,,,,,,,,,,,,,,,,,,,,,,,,,,,
51,Retângulo,Formas Geométricas,2,,,,,,,,,,,,,,,,,,,,,,,,,,,,,,,,,,,,,,,,,,,,,,,,,,,,,,,,,,,,,,,,,,,,,,,,,,,,,,,,,,,,,,,,,,,,,,,,,,,,,,,,,,,,,,,,,,,,,,,,,,,,,,,,,,,,,,,,,,,,,,,,,,,,,,,,,,,,,,,,,,,,,,,,,,,,,,,,,,,,,,,,,,,,,,,,,,,,,,,,,,,,,,,,,,,,,,,,,,,,,,,,,,,,,,,,,,,,,,,,,,,,,,,,,,,,,,,,,,,,,,,,,,,,,,,,,,,,,,,,,,,,,,,,,,,,,,,,,,,,,,,,,,,,,,,,,,,,,,,,,,,,,,,,,,,,,,,,,,,,,,,,,,,,,,,,,,,,,,,,,,,,,,,,,,,,,,,,,,,,,,,,,,,,,,,,,,,,,,,,,,,,,,,,
52,Texto,Padrão,2,,,,,,,,SCHEMA SCHEDULE,,,,,,,,,,,,,,,,,,,,,,,,,,,,,,,,,,,,,,,,,,,,,,,,,,,,,,,,,,,,,,,,,,,,,,,,,,,,,,,,,,,,,,,,,,,,,,,,,,,,,,,,,,,,,,,,,,,,,,,,,,,,,,,,,,,,,,,,,,,,,,,,,,,,,,,,,,,,,,,,,,,,,,,,,,,,,,,,,,,,,,,,,,,,,,,,,,,,,,,,,,,,,,,,,,,,,,,,,,,,,,,,,,,,,,,,,,,,,,,,,,,,,,,,,,,,,,,,,,,,,,,,,,,,,,,,,,,,,,,,,,,,,,,,,,,,,,,,,,,,,,,,,,,,,,,,,,,,,,,,,,,,,,,,,,,,,,,,,,,,,,,,,,,,,,,,,,,,,,,,,,,,,,,,,,,,,,,,,,,,,,,,,,,,,,,,,,,,,,,,
53,Tabela,Tabelas,2,,,,,,,,schedule.compromisso,id,s_church_t_compromisso_tipo_c_id,101,101,102,101,103,101,104,103,,,,,,,,,,,,,,,,,,,,,,,,,,,,,,,,,,,,,,,,,,,,,,,,,,,,,,,,,,,,,,,,,,,,,,,,,,,,,,,,,,,,,,,,,,,,,,,,,,,,,,,,,,,,,,,,,,,,,,,,,,,,,,,,,,,,,,,,,,,,,,,,,,,,,,,,,,,,,,,,,,,,,,,,,,,,,,,,,,,,,,,,,,,,,,,,,,,,,,,,,,,,,,,,,,,,,,,,,,,,,,,,,,,,,,,,,,,,,,,,,,,,,,,,,,,,,,,,,,,,,,,,,,,,,,,,,,,,,,,,,,,,,,,,,,,,,,,,,,,,,,,,,,,,,,,,,,,,,,,,,,,,,,,,,,,,,,,,,,,,,,,,,,,,,,,,,,,,,,,,,,,,,,,,,,,,,,,,,,,,,,,,,,,,,,
54,Tabela,Tabelas,2,,,,,,,,schedule.tb_publicacao,id,created_at,updated_at,deleted_at,deletado,titulo,tipo,descricao,s_auth_t_usuario_min,1,2025-07-18T08:30:00Z,2025-07-18T09:45:00Z,2025-07-18T10:15:00Z,1,Encontro da Mocidade,encontro,Um culto destinado a jovens para falar sobre os ensimanetnos e conselhos de Deus.,1f92e0e8-3a1b-4d76-899e-901fc47958dd,2,2025-07-19T07:00:00Z,2025-07-19T08:20:00Z,2025-07-19T09:00:00Z,1,Palestra Biblica,encontro,"Aopa pessoal! Semana que vem teremos uma palestra ministrada pelo @eeeeeee, após o culto. Tragam livros e canetas, é bom sanar todas as dúvidas!",a3c4e5a7-5d0b-4ec7-9279-73572b56db8f,3,2025-07-19T11:10:00Z,2025-07-19T12:30:00Z,2025-07-19T13:00:00Z,1,Designação de Afazeres,reunião,"Bom dia prezados, precisamos reorganizar os afazeres para a festa de dia das crianças devido à saída repentina de 4 membros da equipe.",7f3b9c02-d76e-4cb8-8c3c-f4e6e3e5d2bb,4,2025-07-19T14:00:00Z,2025-07-19T15:10:00Z,null,0,Metas Mensais,reunião,Segue as metas estipuladas para esses mês: ....,1f92e0e8-5d0b-4ec7-8c3c-f4e6e3e5d2bb,,,,,,,,,,,,,,,,,,,,,,,,,,,,,,,,,,,,,,,,,,,,,,,,,,,,,,,,,,,,,,,,,,,,,,,,,,,,,,,,,,,,,,,,,,,,,,,,,,,,,,,,,,,,,,,,,,,,,,,,,,,,,,,,,,,,,,,,,,,,,,,,,,,,,,,,,,,,,,,,,,,,,,,,,,,,,,,,,,,,,,,,,,,,,,,,,,,,,,,,,,,,,,,,,,,,,,,,,,,,,,,,,,,,,,,,,,,,,,,,,,,,,,,,,,,,,,,,,,,,,,,,,,,,,,,,,,,,,,,,,,,,,,,,,,,,,,,,,,,,,,,,,,,,,,,,,,,,,,,,,,,,,,,,,,,,,,,,,,,,,,,,,,,,,,,,,,,
55,Tabela,Tabelas,2,,,,,,,,schedule.tb_evento,id,tipo,data,horario_chegada,horario_inicio,horario_fim,pub_id,11,encontro,27/07/2025,07:45:00,08:00:00,10:30:00,1,12,encontro,29/07/2025,09:00:00,09:15:00,11:45:00,2,13,reunião,22/08/2025,13:20:00,13:30:00,15:00:00,3,14,reunião,21/07/2025,17:10:00,17:30:00,19:00:00,4,,,,,,,,,,,,,,,,,,,,,,,,,,,,,,,,,,,,,,,,,,,,,,,,,,,,,,,,,,,,,,,,,,,,,,,,,,,,,,,,,,,,,,,,,,,,,,,,,,,,,,,,,,,,,,,,,,,,,,,,,,,,,,,,,,,,,,,,,,,,,,,,,,,,,,,,,,,,,,,,,,,,,,,,,,,,,,,,,,,,,,,,,,,,,,,,,,,,,,,,,,,,,,,,,,,,,,,,,,,,,,,,,,,,,,,,,,,,,,,,,,,,,,,,,,,,,,,,,,,,,,,,,,,,,,,,,,,,,,,,,,,,,,,,,,,,,,,,,,,,,,,,,,,,,,,,,,,,,,,,,,,,,,,,,,,,,,,,,,,,,,,,,,,,,,,,,,,,,,,,,,,,,
56,Tabela,Tabelas,2,,,,,,,,schedule.tb_alimento,id,nome,descricao,com_id,s_auth_t_usuario_lev,201,feijão,5 pacotes de 1kg,101,1f92e0e8-3a1b-4d76-899e-901fc47958dd,202,arroz,4 pacotes de 5kg,101,a3c4e5a7-5d0b-4ec7-9279-73572b56db8f,203,macarrão,dez pacote 500 gramas,102,7f3b9c02-d76e-4cb8-8c3c-f4e6e3e5d2bb,204,calabresa,pra faze farofar,101,1f92e0e8-5d0b-4ec7-8c3c-f4e6e3e5d2bb,,,,,,,,,,,,,,,,,,,,,,,,,,,,,,,,,,,,,,,,,,,,,,,,,,,,,,,,,,,,,,,,,,,,,,,,,,,,,,,,,,,,,,,,,,,,,,,,,,,,,,,,,,,,,,,,,,,,,,,,,,,,,,,,,,,,,,,,,,,,,,,,,,,,,,,,,,,,,,,,,,,,,,,,,,,,,,,,,,,,,,,,,,,,,,,,,,,,,,,,,,,,,,,,,,,,,,,,,,,,,,,,,,,,,,,,,,,,,,,,,,,,,,,,,,,,,,,,,,,,,,,,,,,,,,,,,,,,,,,,,,,,,,,,,,,,,,,,,,,,,,,,,,,,,,,,,,,,,,,,,,,,,,,,,,,,,,,,,,,,,,,,,,,,,,,,,,,,,,,,,,,,,,,,,,,,,,,
57,Tabela,Tabelas,2,,,,,,,,schedule.tb_agendamento,id,s_church_t_agendamento_tipo_c_id,401,501,402,501,403,501,404,502,405,501,406,502,407,501,408,503,,,,,,,,,,,,,,,,,,,,,,,,,,,,,,,,,,,,,,,,,,,,,,,,,,,,,,,,,,,,,,,,,,,,,,,,,,,,,,,,,,,,,,,,,,,,,,,,,,,,,,,,,,,,,,,,,,,,,,,,,,,,,,,,,,,,,,,,,,,,,,,,,,,,,,,,,,,,,,,,,,,,,,,,,,,,,,,,,,,,,,,,,,,,,,,,,,,,,,,,,,,,,,,,,,,,,,,,,,,,,,,,,,,,,,,,,,,,,,,,,,,,,,,,,,,,,,,,,,,,,,,,,,,,,,,,,,,,,,,,,,,,,,,,,,,,,,,,,,,,,,,,,,,,,,,,,,,,,,,,,,,,,,,,,,,,,,,,,,,,,,,,,,,,,,,,,,,,,,,,,,,,,,,,,,,,,,,,,,,,,,
58,Tabela,Tabelas,2,,,,,,,,schedule.tb_compromisso_participante,id,com_id,s_auth_t_usuario_lev,301,101,1f92e0e8-3a1b-4d76-899e-901fc47958dd,302,102,a3c4e5a7-5d0b-4ec7-9279-73572b56db8f,303,103,7f3b9c02-d76e-4cb8-8c3c-f4e6e3e5d2bb,304,104,1f92e0e8-5d0b-4ec7-8c3c-f4e6e3e5d2bb,,,,,,,,,,,,,,,,,,,,,,,,,,,,,,,,,,,,,,,,,,,,,,,,,,,,,,,,,,,,,,,,,,,,,,,,,,,,,,,,,,,,,,,,,,,,,,,,,,,,,,,,,,,,,,,,,,,,,,,,,,,,,,,,,,,,,,,,,,,,,,,,,,,,,,,,,,,,,,,,,,,,,,,,,,,,,,,,,,,,,,,,,,,,,,,,,,,,,,,,,,,,,,,,,,,,,,,,,,,,,,,,,,,,,,,,,,,,,,,,,,,,,,,,,,,,,,,,,,,,,,,,,,,,,,,,,,,,,,,,,,,,,,,,,,,,,,,,,,,,,,,,,,,,,,,,,,,,,,,,,,,,,,,,,,,,,,,,,,,,,,,,,,,,,,,,,,,,,,,,,,,,,,,,,,,,,,,,,,,,,,,,,
59,Tabela,Tabelas,2,,,,,,,,schedule.tb_agendamento_participante,id,age_id,s_church_t_instrumento_ass_usuario_c_id,501,401,401,502,402,402,503,403,401,504,404,402,505,405,401,506,406,402,507,407,402,508,408,402,,,,,,,,,,,,,,,,,,,,,,,,,,,,,,,,,,,,,,,,,,,,,,,,,,,,,,,,,,,,,,,,,,,,,,,,,,,,,,,,,,,,,,,,,,,,,,,,,,,,,,,,,,,,,,,,,,,,,,,,,,,,,,,,,,,,,,,,,,,,,,,,,,,,,,,,,,,,,,,,,,,,,,,,,,,,,,,,,,,,,,,,,,,,,,,,,,,,,,,,,,,,,,,,,,,,,,,,,,,,,,,,,,,,,,,,,,,,,,,,,,,,,,,,,,,,,,,,,,,,,,,,,,,,,,,,,,,,,,,,,,,,,,,,,,,,,,,,,,,,,,,,,,,,,,,,,,,,,,,,,,,,,,,,,,,,,,,,,,,,,,,,,,,,,,,,,,,,,,,,,,,,,,,,,,,,,
60,Tabela,Tabelas,2,,,,,,,,schedule.tb_agendamento_participante,id,posicao,s_praise_t_musica_c_id,age_id,601,1,1001,401,602,2,1001,402,603,3,1001,401,604,1,1004,402,605,2,1004,401,,,,,,,,,,,,,,,,,,,,,,,,,,,,,,,,,,,,,,,,,,,,,,,,,,,,,,,,,,,,,,,,,,,,,,,,,,,,,,,,,,,,,,,,,,,,,,,,,,,,,,,,,,,,,,,,,,,,,,,,,,,,,,,,,,,,,,,,,,,,,,,,,,,,,,,,,,,,,,,,,,,,,,,,,,,,,,,,,,,,,,,,,,,,,,,,,,,,,,,,,,,,,,,,,,,,,,,,,,,,,,,,,,,,,,,,,,,,,,,,,,,,,,,,,,,,,,,,,,,,,,,,,,,,,,,,,,,,,,,,,,,,,,,,,,,,,,,,,,,,,,,,,,,,,,,,,,,,,,,,,,,,,,,,,,,,,,,,,,,,,,,,,,,,,,,,,,,,,,,,,,,,,,,,,,,,,,,,
61,Tabela,Tabelas,2,,,,,,,,schedule.tb_agendamento_ass_escala,id,age_id,esc_id,701,401,801,702,402,802,703,403,803,704,404,804,705,405,805,,,,,,,,,,,,,,,,,,,,,,,,,,,,,,,,,,,,,,,,,,,,,,,,,,,,,,,,,,,,,,,,,,,,,,,,,,,,,,,,,,,,,,,,,,,,,,,,,,,,,,,,,,,,,,,,,,,,,,,,,,,,,,,,,,,,,,,,,,,,,,,,,,,,,,,,,,,,,,,,,,,,,,,,,,,,,,,,,,,,,,,,,,,,,,,,,,,,,,,,,,,,,,,,,,,,,,,,,,,,,,,,,,,,,,,,,,,,,,,,,,,,,,,,,,,,,,,,,,,,,,,,,,,,,,,,,,,,,,,,,,,,,,,,,,,,,,,,,,,,,,,,,,,,,,,,,,,,,,,,,,,,,,,,,,,,,,,,,,,,,,,,,,,,,,,,,,,,,,,,,,,,,,,,,,,,,,,,,,,,,,
62,Tabela,Tabelas,2,,,,,,,,schedule.tb_escala,id,quantidade_agendamentos,801,12,802,43,803,11,804,6,805,76,,,,,,,,,,,,,,,,,,,,,,,,,,,,,,,,,,,,,,,,,,,,,,,,,,,,,,,,,,,,,,,,,,,,,,,,,,,,,,,,,,,,,,,,,,,,,,,,,,,,,,,,,,,,,,,,,,,,,,,,,,,,,,,,,,,,,,,,,,,,,,,,,,,,,,,,,,,,,,,,,,,,,,,,,,,,,,,,,,,,,,,,,,,,,,,,,,,,,,,,,,,,,,,,,,,,,,,,,,,,,,,,,,,,,,,,,,,,,,,,,,,,,,,,,,,,,,,,,,,,,,,,,,,,,,,,,,,,,,,,,,,,,,,,,,,,,,,,,,,,,,,,,,,,,,,,,,,,,,,,,,,,,,,,,,,,,,,,,,,,,,,,,,,,,,,,,,,,,,,,,,,,,,,,,,,,,,,,,,,,,,,,,,,,
63,Tabela,Tabelas,2,,,,,,,,chat.tb_pessoa_grupo,id,entrou_em,saiu_em,perfil,con_id,con_men_id,s_auth_t_usuario_adicionador_por,s_auth_t_tb_usuario_c_lev,1,2025-07-19T06:10:00Z,null,padrão,3,11,1f92e0e8-3a1b-4d76-899e-901fc47958dd,1f92e0e8-3a1b-4d76-899e-901fc47958dd,2,2025-07-19T06:12:00Z,2025-07-19T08:00:00Z,padrão,4,13,1f92e0e8-3a1b-4d76-899e-901fc47958dd,a9f29bc3-39cc-4d13-933f-201ac4c593bc,3,2025-07-19T06:15:00Z,null,admin,2,8,9d7e0e8a-7b1c-4a2e-8e9d-201fc45012aa,9d7e0e8a-7b1c-4a2e-8e9d-201fc45012aa,4,2025-07-19T06:20:00Z,null,padrão,3,9,a3c4e5a7-5d0b-4ec7-9279-73572b56db8f,a3c4e5a7-5d0b-4ec7-9279-73572b56db8f,5,2025-07-19T06:22:00Z,2025-07-19T07:50:00Z,moderador,6,19,1f92e0e8-3a1b-4d76-899e-901fc47958dd,918f0e9b-2b2b-47d1-8e9e-001fc45958cd,6,2025-07-19T06:25:00Z,null,padrão,4,15,9d7e0e8a-7b1c-4a2e-8e9d-201fc45012aa,1f92e0e8-3a1b-4d76-899e-901fc47958dd,7,2025-07-19T06:30:00Z,null,padrão,8,22,7d82cba8-6d2f-4ff3-95ae-13572b36db4f,7d82cba8-6d2f-4ff3-95ae-13572b36db4f,8,2025-07-19T06:35:00Z,null,admin,9,1,a9f29bc3-39cc-4d13-933f-201ac4c593bc,1f92e0e8-5d0b-4ec7-8c3c-f4e6e3e5d2bb,9,2025-07-19T06:40:00Z,2025-07-19T07:45:00Z,padrão,2,7,1f92e0e8-3a1b-4d76-899e-901fc47958dd,1f92e0e8-3a1b-4d76-899e-901fc47958dd,10,2025-07-19T06:45:00Z,null,moderador,1,4,918f0e9b-2b2b-47d1-8e9e-001fc45958cd,9d7e0e8a-7b1c-4a2e-8e9d-201fc45012aa,11,2025-07-19T06:50:00Z,null,padrão,5,17,a9f29bc3-39cc-4d13-933f-201ac4c593bc,1f92e0e8-3a1b-4d76-899e-901fc47958dd,12,2025-07-19T06:55:00Z,null,padrão,9,2,9d7e0e8a-7b1c-4a2e-8e9d-201fc45012aa,1f92e0e8-5d0b-4ec7-8c3c-f4e6e3e5d2bb,13,2025-07-19T07:00:00Z,null,padrão,7,20,a3c4e5a7-5d0b-4ec7-9279-73572b56db8f,7d82cba8-6d2f-4ff3-95ae-13572b36db4f,14,2025-07-19T07:05:00Z,2025-07-19T08:30:00Z,padrão,4,14,918f0e9b-2b2b-47d1-8e9e-001fc45958cd,918f0e9b-2b2b-47d1-8e9e-001fc45958cd,15,2025-07-19T07:10:00Z,null,moderador,1,5,1f92e0e8-3a1b-4d76-899e-901fc47958dd,a9f29bc3-39cc-4d13-933f-201ac4c593bc,16,2025-07-19T07:15:00Z,null,padrão,5,18,9d7e0e8a-7b1c-4a2e-8e9d-201fc45012aa,9d7e0e8a-7b1c-4a2e-8e9d-201fc45012aa,17,2025-07-19T07:20:00Z,null,admin,3,12,7d82cba8-6d2f-4ff3-95ae-13572b36db4f,7d82cba8-6d2f-4ff3-95ae-13572b36db4f,18,2025-07-19T07:25:00Z,null,padrão,2,6,a9f29bc3-39cc-4d13-933f-201ac4c593bc,1f92e0e8-3a1b-4d76-899e-901fc47958dd,19,2025-07-19T07:30:00Z,2025-07-19T09:00:00Z,padrão,6,23,1f92e0e8-5d0b-4ec7-8c3c-f4e6e3e5d2bb,1f92e0e8-3a1b-4d76-899e-901fc47958dd,20,2025-07-19T07:35:00Z,null,padrão,8,21,1f92e0e8-3a1b-4d76-899e-901fc47958dd,a3c4e5a7-5d0b-4ec7-9279-73572b56db8f,,,,,,,,,,,,,,,,,,,,,,,,,,,,,,,,,,,,,,,,,,,,,,,,,,,,,,,,,,,,,,,,,,,,,,,,,,,,,,,,,,,,,,,,,,,,,,,,,,,,,,,,,,,,,,,,,,,,,,,,,,,,,,,,,,,,,,,,,,,,,,,,,,,,,,,,,,,,,,,,,,,,,,,,,,,,,,,,,,,,,,,,,,,,,,,,,,,,,,,,,,,,,,,,,,,,,,,,,,,,,,,,,,,,,,,,
64,Tabela,Tabelas,2,,,,,,,,chat.tb_mensagem_favorita,id,con_id,con_men_id,s_auth_t_tb_usuario_c_lev,1,1,1,1f92e0e8-3a1b-4d76-899e-901fc47958dd,2,1,1,a3c4e5a7-5d0b-4ec7-9279-73572b56db8f,3,3,6,5b4d018b-55ec-46e2-a93d-1d45dab0a7a1,4,2,4,00a2d5cf-b8d8-48e1-a48a-4b846868d88d,5,2,2,ea6a8e39-7596-4aed-92a4-675b85e2595e,6,2,7,2806f174-2b66-432e-b969-a6f13333d7a3,7,4,23,23a941cd-f4aa-48e0-9b75-ffa071059beb,8,3,7,ddb0bef1-041c-4369-a2a4-78e853ed5661,9,1,3,0ff40f9f-858a-45cc-9c66-fa84d51271b0,10,8,2,80a3e455-e8bf-4162-a63b-c5b6679354dc,,,,,,,,,,,,,,,,,,,,,,,,,,,,,,,,,,,,,,,,,,,,,,,,,,,,,,,,,,,,,,,,,,,,,,,,,,,,,,,,,,,,,,,,,,,,,,,,,,,,,,,,,,,,,,,,,,,,,,,,,,,,,,,,,,,,,,,,,,,,,,,,,,,,,,,,,,,,,,,,,,,,,,,,,,,,,,,,,,,,,,,,,,,,,,,,,,,,,,,,,,,,,,,,,,,,,,,,,,,,,,,,,,,,,,,,,,,,,,,,,,,,,,,,,,,,,,,,,,,,,,,,,,,,,,,,,,,,,,,,,,,,,,,,,,,,,,,,,,,,,,,,,,,,,,,,,,,,,,,,,,,,,,,,,,,,,,,,,,,,,,,,,,,,,,,,,,,,
65,Linha,,2,,,4,8,CFN ERD Exactly One Arrow,CFN ERD Zero Or More Arrow,,,,,,,,,,,,,,,,,,,,,,,,,,,,,,,,,,,,,,,,,,,,,,,,,,,,,,,,,,,,,,,,,,,,,,,,,,,,,,,,,,,,,,,,,,,,,,,,,,,,,,,,,,,,,,,,,,,,,,,,,,,,,,,,,,,,,,,,,,,,,,,,,,,,,,,,,,,,,,,,,,,,,,,,,,,,,,,,,,,,,,,,,,,,,,,,,,,,,,,,,,,,,,,,,,,,,,,,,,,,,,,,,,,,,,,,,,,,,,,,,,,,,,,,,,,,,,,,,,,,,,,,,,,,,,,,,,,,,,,,,,,,,,,,,,,,,,,,,,,,,,,,,,,,,,,,,,,,,,,,,,,,,,,,,,,,,,,,,,,,,,,,,,,,,,,,,,,,,,,,,,,,,,,,,,,,,,,,,,,,,,,,,,,,,,,,,,,,,,,,,,
66,Linha,,2,,,4,7,CFN ERD Exactly One Arrow,CFN ERD Exactly One Arrow,,,,,,,,,,,,,,,,,,,,,,,,,,,,,,,,,,,,,,,,,,,,,,,,,,,,,,,,,,,,,,,,,,,,,,,,,,,,,,,,,,,,,,,,,,,,,,,,,,,,,,,,,,,,,,,,,,,,,,,,,,,,,,,,,,,,,,,,,,,,,,,,,,,,,,,,,,,,,,,,,,,,,,,,,,,,,,,,,,,,,,,,,,,,,,,,,,,,,,,,,,,,,,,,,,,,,,,,,,,,,,,,,,,,,,,,,,,,,,,,,,,,,,,,,,,,,,,,,,,,,,,,,,,,,,,,,,,,,,,,,,,,,,,,,,,,,,,,,,,,,,,,,,,,,,,,,,,,,,,,,,,,,,,,,,,,,,,,,,,,,,,,,,,,,,,,,,,,,,,,,,,,,,,,,,,,,,,,,,,,,,,,,,,,,,,,,,,,,,,,,,
67,Linha,,2,,,10,11,CFN ERD Exactly One Arrow,CFN ERD Zero Or One Arrow,,,,,,,,,,,,,,,,,,,,,,,,,,,,,,,,,,,,,,,,,,,,,,,,,,,,,,,,,,,,,,,,,,,,,,,,,,,,,,,,,,,,,,,,,,,,,,,,,,,,,,,,,,,,,,,,,,,,,,,,,,,,,,,,,,,,,,,,,,,,,,,,,,,,,,,,,,,,,,,,,,,,,,,,,,,,,,,,,,,,,,,,,,,,,,,,,,,,,,,,,,,,,,,,,,,,,,,,,,,,,,,,,,,,,,,,,,,,,,,,,,,,,,,,,,,,,,,,,,,,,,,,,,,,,,,,,,,,,,,,,,,,,,,,,,,,,,,,,,,,,,,,,,,,,,,,,,,,,,,,,,,,,,,,,,,,,,,,,,,,,,,,,,,,,,,,,,,,,,,,,,,,,,,,,,,,,,,,,,,,,,,,,,,,,,,,,,,,,,,,,,
68,Linha,,2,,,10,12,CFN ERD Zero Or More Arrow,CFN ERD Exactly One Arrow,,,,,,,,,,,,,,,,,,,,,,,,,,,,,,,,,,,,,,,,,,,,,,,,,,,,,,,,,,,,,,,,,,,,,,,,,,,,,,,,,,,,,,,,,,,,,,,,,,,,,,,,,,,,,,,,,,,,,,,,,,,,,,,,,,,,,,,,,,,,,,,,,,,,,,,,,,,,,,,,,,,,,,,,,,,,,,,,,,,,,,,,,,,,,,,,,,,,,,,,,,,,,,,,,,,,,,,,,,,,,,,,,,,,,,,,,,,,,,,,,,,,,,,,,,,,,,,,,,,,,,,,,,,,,,,,,,,,,,,,,,,,,,,,,,,,,,,,,,,,,,,,,,,,,,,,,,,,,,,,,,,,,,,,,,,,,,,,,,,,,,,,,,,,,,,,,,,,,,,,,,,,,,,,,,,,,,,,,,,,,,,,,,,,,,,,,,,,,,,,,,
69,Linha,,2,,,15,16,CFN ERD Exactly One Arrow,CFN ERD Zero Or More Arrow,,,,,,,,,,,,,,,,,,,,,,,,,,,,,,,,,,,,,,,,,,,,,,,,,,,,,,,,,,,,,,,,,,,,,,,,,,,,,,,,,,,,,,,,,,,,,,,,,,,,,,,,,,,,,,,,,,,,,,,,,,,,,,,,,,,,,,,,,,,,,,,,,,,,,,,,,,,,,,,,,,,,,,,,,,,,,,,,,,,,,,,,,,,,,,,,,,,,,,,,,,,,,,,,,,,,,,,,,,,,,,,,,,,,,,,,,,,,,,,,,,,,,,,,,,,,,,,,,,,,,,,,,,,,,,,,,,,,,,,,,,,,,,,,,,,,,,,,,,,,,,,,,,,,,,,,,,,,,,,,,,,,,,,,,,,,,,,,,,,,,,,,,,,,,,,,,,,,,,,,,,,,,,,,,,,,,,,,,,,,,,,,,,,,,,,,,,,,,,,,,,
70,Linha,,2,,,16,15,CFN ERD Exactly One Arrow,CFN ERD Exactly One Arrow,,,,,,,,,,,,,,,,,,,,,,,,,,,,,,,,,,,,,,,,,,,,,,,,,,,,,,,,,,,,,,,,,,,,,,,,,,,,,,,,,,,,,,,,,,,,,,,,,,,,,,,,,,,,,,,,,,,,,,,,,,,,,,,,,,,,,,,,,,,,,,,,,,,,,,,,,,,,,,,,,,,,,,,,,,,,,,,,,,,,,,,,,,,,,,,,,,,,,,,,,,,,,,,,,,,,,,,,,,,,,,,,,,,,,,,,,,,,,,,,,,,,,,,,,,,,,,,,,,,,,,,,,,,,,,,,,,,,,,,,,,,,,,,,,,,,,,,,,,,,,,,,,,,,,,,,,,,,,,,,,,,,,,,,,,,,,,,,,,,,,,,,,,,,,,,,,,,,,,,,,,,,,,,,,,,,,,,,,,,,,,,,,,,,,,,,,,,,,,,,,,
71,Linha,,2,,,17,15,CFN ERD Zero Or More Arrow,CFN ERD Exactly One Arrow,,,,,,,,,,,,,,,,,,,,,,,,,,,,,,,,,,,,,,,,,,,,,,,,,,,,,,,,,,,,,,,,,,,,,,,,,,,,,,,,,,,,,,,,,,,,,,,,,,,,,,,,,,,,,,,,,,,,,,,,,,,,,,,,,,,,,,,,,,,,,,,,,,,,,,,,,,,,,,,,,,,,,,,,,,,,,,,,,,,,,,,,,,,,,,,,,,,,,,,,,,,,,,,,,,,,,,,,,,,,,,,,,,,,,,,,,,,,,,,,,,,,,,,,,,,,,,,,,,,,,,,,,,,,,,,,,,,,,,,,,,,,,,,,,,,,,,,,,,,,,,,,,,,,,,,,,,,,,,,,,,,,,,,,,,,,,,,,,,,,,,,,,,,,,,,,,,,,,,,,,,,,,,,,,,,,,,,,,,,,,,,,,,,,,,,,,,,,,,,,,,
72,Linha,,2,,,18,15,CFN ERD One Or More Arrow,CFN ERD Exactly One Arrow,,,,,,,,,,,,,,,,,,,,,,,,,,,,,,,,,,,,,,,,,,,,,,,,,,,,,,,,,,,,,,,,,,,,,,,,,,,,,,,,,,,,,,,,,,,,,,,,,,,,,,,,,,,,,,,,,,,,,,,,,,,,,,,,,,,,,,,,,,,,,,,,,,,,,,,,,,,,,,,,,,,,,,,,,,,,,,,,,,,,,,,,,,,,,,,,,,,,,,,,,,,,,,,,,,,,,,,,,,,,,,,,,,,,,,,,,,,,,,,,,,,,,,,,,,,,,,,,,,,,,,,,,,,,,,,,,,,,,,,,,,,,,,,,,,,,,,,,,,,,,,,,,,,,,,,,,,,,,,,,,,,,,,,,,,,,,,,,,,,,,,,,,,,,,,,,,,,,,,,,,,,,,,,,,,,,,,,,,,,,,,,,,,,,,,,,,,,,,,,,,,
73,Linha,,2,,,27,29,CFN ERD Zero Or More Arrow,CFN ERD Exactly One Arrow,,,,,,,,,,,,,,,,,,,,,,,,,,,,,,,,,,,,,,,,,,,,,,,,,,,,,,,,,,,,,,,,,,,,,,,,,,,,,,,,,,,,,,,,,,,,,,,,,,,,,,,,,,,,,,,,,,,,,,,,,,,,,,,,,,,,,,,,,,,,,,,,,,,,,,,,,,,,,,,,,,,,,,,,,,,,,,,,,,,,,,,,,,,,,,,,,,,,,,,,,,,,,,,,,,,,,,,,,,,,,,,,,,,,,,,,,,,,,,,,,,,,,,,,,,,,,,,,,,,,,,,,,,,,,,,,,,,,,,,,,,,,,,,,,,,,,,,,,,,,,,,,,,,,,,,,,,,,,,,,,,,,,,,,,,,,,,,,,,,,,,,,,,,,,,,,,,,,,,,,,,,,,,,,,,,,,,,,,,,,,,,,,,,,,,,,,,,,,,,,,,
74,Linha,,2,,,15,19,CFN ERD Exactly One Arrow,CFN ERD Zero Or More Arrow,,,,,,,,,,,,,,,,,,,,,,,,,,,,,,,,,,,,,,,,,,,,,,,,,,,,,,,,,,,,,,,,,,,,,,,,,,,,,,,,,,,,,,,,,,,,,,,,,,,,,,,,,,,,,,,,,,,,,,,,,,,,,,,,,,,,,,,,,,,,,,,,,,,,,,,,,,,,,,,,,,,,,,,,,,,,,,,,,,,,,,,,,,,,,,,,,,,,,,,,,,,,,,,,,,,,,,,,,,,,,,,,,,,,,,,,,,,,,,,,,,,,,,,,,,,,,,,,,,,,,,,,,,,,,,,,,,,,,,,,,,,,,,,,,,,,,,,,,,,,,,,,,,,,,,,,,,,,,,,,,,,,,,,,,,,,,,,,,,,,,,,,,,,,,,,,,,,,,,,,,,,,,,,,,,,,,,,,,,,,,,,,,,,,,,,,,,,,,,,,,,
75,Linha,,2,,,19,30,CFN ERD Exactly One Arrow,CFN ERD Exactly One Arrow,,,,,,,,,,,,,,,,,,,,,,,,,,,,,,,,,,,,,,,,,,,,,,,,,,,,,,,,,,,,,,,,,,,,,,,,,,,,,,,,,,,,,,,,,,,,,,,,,,,,,,,,,,,,,,,,,,,,,,,,,,,,,,,,,,,,,,,,,,,,,,,,,,,,,,,,,,,,,,,,,,,,,,,,,,,,,,,,,,,,,,,,,,,,,,,,,,,,,,,,,,,,,,,,,,,,,,,,,,,,,,,,,,,,,,,,,,,,,,,,,,,,,,,,,,,,,,,,,,,,,,,,,,,,,,,,,,,,,,,,,,,,,,,,,,,,,,,,,,,,,,,,,,,,,,,,,,,,,,,,,,,,,,,,,,,,,,,,,,,,,,,,,,,,,,,,,,,,,,,,,,,,,,,,,,,,,,,,,,,,,,,,,,,,,,,,,,,,,,,,,,
76,Linha,,2,,,31,15,CFN ERD Zero Or More Arrow,CFN ERD Exactly One Arrow,,,,,,,,,,,,,,,,,,,,,,,,,,,,,,,,,,,,,,,,,,,,,,,,,,,,,,,,,,,,,,,,,,,,,,,,,,,,,,,,,,,,,,,,,,,,,,,,,,,,,,,,,,,,,,,,,,,,,,,,,,,,,,,,,,,,,,,,,,,,,,,,,,,,,,,,,,,,,,,,,,,,,,,,,,,,,,,,,,,,,,,,,,,,,,,,,,,,,,,,,,,,,,,,,,,,,,,,,,,,,,,,,,,,,,,,,,,,,,,,,,,,,,,,,,,,,,,,,,,,,,,,,,,,,,,,,,,,,,,,,,,,,,,,,,,,,,,,,,,,,,,,,,,,,,,,,,,,,,,,,,,,,,,,,,,,,,,,,,,,,,,,,,,,,,,,,,,,,,,,,,,,,,,,,,,,,,,,,,,,,,,,,,,,,,,,,,,,,,,,,,
77,Linha,,2,,,15,32,CFN ERD Exactly One Arrow,CFN ERD Zero Or More Arrow,,,,,,,,,,,,,,,,,,,,,,,,,,,,,,,,,,,,,,,,,,,,,,,,,,,,,,,,,,,,,,,,,,,,,,,,,,,,,,,,,,,,,,,,,,,,,,,,,,,,,,,,,,,,,,,,,,,,,,,,,,,,,,,,,,,,,,,,,,,,,,,,,,,,,,,,,,,,,,,,,,,,,,,,,,,,,,,,,,,,,,,,,,,,,,,,,,,,,,,,,,,,,,,,,,,,,,,,,,,,,,,,,,,,,,,,,,,,,,,,,,,,,,,,,,,,,,,,,,,,,,,,,,,,,,,,,,,,,,,,,,,,,,,,,,,,,,,,,,,,,,,,,,,,,,,,,,,,,,,,,,,,,,,,,,,,,,,,,,,,,,,,,,,,,,,,,,,,,,,,,,,,,,,,,,,,,,,,,,,,,,,,,,,,,,,,,,,,,,,,,,
78,Linha,,2,,,33,31,CFN ERD Zero Or More Arrow,CFN ERD Exactly One Arrow,,,,,,,,,,,,,,,,,,,,,,,,,,,,,,,,,,,,,,,,,,,,,,,,,,,,,,,,,,,,,,,,,,,,,,,,,,,,,,,,,,,,,,,,,,,,,,,,,,,,,,,,,,,,,,,,,,,,,,,,,,,,,,,,,,,,,,,,,,,,,,,,,,,,,,,,,,,,,,,,,,,,,,,,,,,,,,,,,,,,,,,,,,,,,,,,,,,,,,,,,,,,,,,,,,,,,,,,,,,,,,,,,,,,,,,,,,,,,,,,,,,,,,,,,,,,,,,,,,,,,,,,,,,,,,,,,,,,,,,,,,,,,,,,,,,,,,,,,,,,,,,,,,,,,,,,,,,,,,,,,,,,,,,,,,,,,,,,,,,,,,,,,,,,,,,,,,,,,,,,,,,,,,,,,,,,,,,,,,,,,,,,,,,,,,,,,,,,,,,,,,
79,Linha,,2,,,39,36,CFN ERD Exactly One Arrow,CFN ERD Zero Or More Arrow,,,,,,,,,,,,,,,,,,,,,,,,,,,,,,,,,,,,,,,,,,,,,,,,,,,,,,,,,,,,,,,,,,,,,,,,,,,,,,,,,,,,,,,,,,,,,,,,,,,,,,,,,,,,,,,,,,,,,,,,,,,,,,,,,,,,,,,,,,,,,,,,,,,,,,,,,,,,,,,,,,,,,,,,,,,,,,,,,,,,,,,,,,,,,,,,,,,,,,,,,,,,,,,,,,,,,,,,,,,,,,,,,,,,,,,,,,,,,,,,,,,,,,,,,,,,,,,,,,,,,,,,,,,,,,,,,,,,,,,,,,,,,,,,,,,,,,,,,,,,,,,,,,,,,,,,,,,,,,,,,,,,,,,,,,,,,,,,,,,,,,,,,,,,,,,,,,,,,,,,,,,,,,,,,,,,,,,,,,,,,,,,,,,,,,,,,,,,,,,,,,
80,Linha,,2,,,39,36,CFN ERD Exactly One Arrow,CFN ERD Zero Or More Arrow,,,,,,,,,,,,,,,,,,,,,,,,,,,,,,,,,,,,,,,,,,,,,,,,,,,,,,,,,,,,,,,,,,,,,,,,,,,,,,,,,,,,,,,,,,,,,,,,,,,,,,,,,,,,,,,,,,,,,,,,,,,,,,,,,,,,,,,,,,,,,,,,,,,,,,,,,,,,,,,,,,,,,,,,,,,,,,,,,,,,,,,,,,,,,,,,,,,,,,,,,,,,,,,,,,,,,,,,,,,,,,,,,,,,,,,,,,,,,,,,,,,,,,,,,,,,,,,,,,,,,,,,,,,,,,,,,,,,,,,,,,,,,,,,,,,,,,,,,,,,,,,,,,,,,,,,,,,,,,,,,,,,,,,,,,,,,,,,,,,,,,,,,,,,,,,,,,,,,,,,,,,,,,,,,,,,,,,,,,,,,,,,,,,,,,,,,,,,,,,,,,
81,Linha,,2,,,41,40,CFN ERD Zero Or More Arrow,CFN ERD Exactly One Arrow,,,,,,,,,,,,,,,,,,,,,,,,,,,,,,,,,,,,,,,,,,,,,,,,,,,,,,,,,,,,,,,,,,,,,,,,,,,,,,,,,,,,,,,,,,,,,,,,,,,,,,,,,,,,,,,,,,,,,,,,,,,,,,,,,,,,,,,,,,,,,,,,,,,,,,,,,,,,,,,,,,,,,,,,,,,,,,,,,,,,,,,,,,,,,,,,,,,,,,,,,,,,,,,,,,,,,,,,,,,,,,,,,,,,,,,,,,,,,,,,,,,,,,,,,,,,,,,,,,,,,,,,,,,,,,,,,,,,,,,,,,,,,,,,,,,,,,,,,,,,,,,,,,,,,,,,,,,,,,,,,,,,,,,,,,,,,,,,,,,,,,,,,,,,,,,,,,,,,,,,,,,,,,,,,,,,,,,,,,,,,,,,,,,,,,,,,,,,,,,,,,
82,Linha,,2,,,40,42,CFN ERD Exactly One Arrow,CFN ERD Zero Or More Arrow,,,,,,,,,,,,,,,,,,,,,,,,,,,,,,,,,,,,,,,,,,,,,,,,,,,,,,,,,,,,,,,,,,,,,,,,,,,,,,,,,,,,,,,,,,,,,,,,,,,,,,,,,,,,,,,,,,,,,,,,,,,,,,,,,,,,,,,,,,,,,,,,,,,,,,,,,,,,,,,,,,,,,,,,,,,,,,,,,,,,,,,,,,,,,,,,,,,,,,,,,,,,,,,,,,,,,,,,,,,,,,,,,,,,,,,,,,,,,,,,,,,,,,,,,,,,,,,,,,,,,,,,,,,,,,,,,,,,,,,,,,,,,,,,,,,,,,,,,,,,,,,,,,,,,,,,,,,,,,,,,,,,,,,,,,,,,,,,,,,,,,,,,,,,,,,,,,,,,,,,,,,,,,,,,,,,,,,,,,,,,,,,,,,,,,,,,,,,,,,,,,
83,Linha,,2,,,46,47,CFN ERD Exactly One Arrow,CFN ERD Zero Or More Arrow,,,,,,,,,,,,,,,,,,,,,,,,,,,,,,,,,,,,,,,,,,,,,,,,,,,,,,,,,,,,,,,,,,,,,,,,,,,,,,,,,,,,,,,,,,,,,,,,,,,,,,,,,,,,,,,,,,,,,,,,,,,,,,,,,,,,,,,,,,,,,,,,,,,,,,,,,,,,,,,,,,,,,,,,,,,,,,,,,,,,,,,,,,,,,,,,,,,,,,,,,,,,,,,,,,,,,,,,,,,,,,,,,,,,,,,,,,,,,,,,,,,,,,,,,,,,,,,,,,,,,,,,,,,,,,,,,,,,,,,,,,,,,,,,,,,,,,,,,,,,,,,,,,,,,,,,,,,,,,,,,,,,,,,,,,,,,,,,,,,,,,,,,,,,,,,,,,,,,,,,,,,,,,,,,,,,,,,,,,,,,,,,,,,,,,,,,,,,,,,,,,
84,Linha,,2,,,47,45,CFN ERD Exactly One Arrow,CFN ERD Zero Or More Arrow,,,,,,,,,,,,,,,,,,,,,,,,,,,,,,,,,,,,,,,,,,,,,,,,,,,,,,,,,,,,,,,,,,,,,,,,,,,,,,,,,,,,,,,,,,,,,,,,,,,,,,,,,,,,,,,,,,,,,,,,,,,,,,,,,,,,,,,,,,,,,,,,,,,,,,,,,,,,,,,,,,,,,,,,,,,,,,,,,,,,,,,,,,,,,,,,,,,,,,,,,,,,,,,,,,,,,,,,,,,,,,,,,,,,,,,,,,,,,,,,,,,,,,,,,,,,,,,,,,,,,,,,,,,,,,,,,,,,,,,,,,,,,,,,,,,,,,,,,,,,,,,,,,,,,,,,,,,,,,,,,,,,,,,,,,,,,,,,,,,,,,,,,,,,,,,,,,,,,,,,,,,,,,,,,,,,,,,,,,,,,,,,,,,,,,,,,,,,,,,,,,
85,Linha,,2,,,50,46,CFN ERD Zero Or More Arrow,CFN ERD Exactly One Arrow,,,,,,,,,,,,,,,,,,,,,,,,,,,,,,,,,,,,,,,,,,,,,,,,,,,,,,,,,,,,,,,,,,,,,,,,,,,,,,,,,,,,,,,,,,,,,,,,,,,,,,,,,,,,,,,,,,,,,,,,,,,,,,,,,,,,,,,,,,,,,,,,,,,,,,,,,,,,,,,,,,,,,,,,,,,,,,,,,,,,,,,,,,,,,,,,,,,,,,,,,,,,,,,,,,,,,,,,,,,,,,,,,,,,,,,,,,,,,,,,,,,,,,,,,,,,,,,,,,,,,,,,,,,,,,,,,,,,,,,,,,,,,,,,,,,,,,,,,,,,,,,,,,,,,,,,,,,,,,,,,,,,,,,,,,,,,,,,,,,,,,,,,,,,,,,,,,,,,,,,,,,,,,,,,,,,,,,,,,,,,,,,,,,,,,,,,,,,,,,,,,
86,Linha,,2,,,49,46,CFN ERD Zero Or More Arrow,CFN ERD Exactly One Arrow,,,,,,,,,,,,,,,,,,,,,,,,,,,,,,,,,,,,,,,,,,,,,,,,,,,,,,,,,,,,,,,,,,,,,,,,,,,,,,,,,,,,,,,,,,,,,,,,,,,,,,,,,,,,,,,,,,,,,,,,,,,,,,,,,,,,,,,,,,,,,,,,,,,,,,,,,,,,,,,,,,,,,,,,,,,,,,,,,,,,,,,,,,,,,,,,,,,,,,,,,,,,,,,,,,,,,,,,,,,,,,,,,,,,,,,,,,,,,,,,,,,,,,,,,,,,,,,,,,,,,,,,,,,,,,,,,,,,,,,,,,,,,,,,,,,,,,,,,,,,,,,,,,,,,,,,,,,,,,,,,,,,,,,,,,,,,,,,,,,,,,,,,,,,,,,,,,,,,,,,,,,,,,,,,,,,,,,,,,,,,,,,,,,,,,,,,,,,,,,,,,
87,Linha,,2,,,48,46,CFN ERD Zero Or More Arrow,CFN ERD Exactly One Arrow,,,,,,,,,,,,,,,,,,,,,,,,,,,,,,,,,,,,,,,,,,,,,,,,,,,,,,,,,,,,,,,,,,,,,,,,,,,,,,,,,,,,,,,,,,,,,,,,,,,,,,,,,,,,,,,,,,,,,,,,,,,,,,,,,,,,,,,,,,,,,,,,,,,,,,,,,,,,,,,,,,,,,,,,,,,,,,,,,,,,,,,,,,,,,,,,,,,,,,,,,,,,,,,,,,,,,,,,,,,,,,,,,,,,,,,,,,,,,,,,,,,,,,,,,,,,,,,,,,,,,,,,,,,,,,,,,,,,,,,,,,,,,,,,,,,,,,,,,,,,,,,,,,,,,,,,,,,,,,,,,,,,,,,,,,,,,,,,,,,,,,,,,,,,,,,,,,,,,,,,,,,,,,,,,,,,,,,,,,,,,,,,,,,,,,,,,,,,,,,,,,
88,Linha,,2,,,54,55,CFN ERD Exactly One Arrow,CFN ERD Zero Or More Arrow,,,,,,,,,,,,,,,,,,,,,,,,,,,,,,,,,,,,,,,,,,,,,,,,,,,,,,,,,,,,,,,,,,,,,,,,,,,,,,,,,,,,,,,,,,,,,,,,,,,,,,,,,,,,,,,,,,,,,,,,,,,,,,,,,,,,,,,,,,,,,,,,,,,,,,,,,,,,,,,,,,,,,,,,,,,,,,,,,,,,,,,,,,,,,,,,,,,,,,,,,,,,,,,,,,,,,,,,,,,,,,,,,,,,,,,,,,,,,,,,,,,,,,,,,,,,,,,,,,,,,,,,,,,,,,,,,,,,,,,,,,,,,,,,,,,,,,,,,,,,,,,,,,,,,,,,,,,,,,,,,,,,,,,,,,,,,,,,,,,,,,,,,,,,,,,,,,,,,,,,,,,,,,,,,,,,,,,,,,,,,,,,,,,,,,,,,,,,,,,,,,
89,Linha,,2,,,53,55,CFN ERD Zero Or More Arrow,CFN ERD Exactly One Arrow,,,,,,,,,,,,,,,,,,,,,,,,,,,,,,,,,,,,,,,,,,,,,,,,,,,,,,,,,,,,,,,,,,,,,,,,,,,,,,,,,,,,,,,,,,,,,,,,,,,,,,,,,,,,,,,,,,,,,,,,,,,,,,,,,,,,,,,,,,,,,,,,,,,,,,,,,,,,,,,,,,,,,,,,,,,,,,,,,,,,,,,,,,,,,,,,,,,,,,,,,,,,,,,,,,,,,,,,,,,,,,,,,,,,,,,,,,,,,,,,,,,,,,,,,,,,,,,,,,,,,,,,,,,,,,,,,,,,,,,,,,,,,,,,,,,,,,,,,,,,,,,,,,,,,,,,,,,,,,,,,,,,,,,,,,,,,,,,,,,,,,,,,,,,,,,,,,,,,,,,,,,,,,,,,,,,,,,,,,,,,,,,,,,,,,,,,,,,,,,,,,
90,Linha,,2,,,53,56,CFN ERD Exactly One Arrow,CFN ERD Zero Or More Arrow,,,,,,,,,,,,,,,,,,,,,,,,,,,,,,,,,,,,,,,,,,,,,,,,,,,,,,,,,,,,,,,,,,,,,,,,,,,,,,,,,,,,,,,,,,,,,,,,,,,,,,,,,,,,,,,,,,,,,,,,,,,,,,,,,,,,,,,,,,,,,,,,,,,,,,,,,,,,,,,,,,,,,,,,,,,,,,,,,,,,,,,,,,,,,,,,,,,,,,,,,,,,,,,,,,,,,,,,,,,,,,,,,,,,,,,,,,,,,,,,,,,,,,,,,,,,,,,,,,,,,,,,,,,,,,,,,,,,,,,,,,,,,,,,,,,,,,,,,,,,,,,,,,,,,,,,,,,,,,,,,,,,,,,,,,,,,,,,,,,,,,,,,,,,,,,,,,,,,,,,,,,,,,,,,,,,,,,,,,,,,,,,,,,,,,,,,,,,,,,,,,
91,Linha,,2,,,53,58,CFN ERD Exactly One Arrow,CFN ERD Zero Or More Arrow,,,,,,,,,,,,,,,,,,,,,,,,,,,,,,,,,,,,,,,,,,,,,,,,,,,,,,,,,,,,,,,,,,,,,,,,,,,,,,,,,,,,,,,,,,,,,,,,,,,,,,,,,,,,,,,,,,,,,,,,,,,,,,,,,,,,,,,,,,,,,,,,,,,,,,,,,,,,,,,,,,,,,,,,,,,,,,,,,,,,,,,,,,,,,,,,,,,,,,,,,,,,,,,,,,,,,,,,,,,,,,,,,,,,,,,,,,,,,,,,,,,,,,,,,,,,,,,,,,,,,,,,,,,,,,,,,,,,,,,,,,,,,,,,,,,,,,,,,,,,,,,,,,,,,,,,,,,,,,,,,,,,,,,,,,,,,,,,,,,,,,,,,,,,,,,,,,,,,,,,,,,,,,,,,,,,,,,,,,,,,,,,,,,,,,,,,,,,,,,,,,
92,Linha,,2,,,55,57,CFN ERD Zero Or More Arrow,CFN ERD Exactly One Arrow,,,,,,,,,,,,,,,,,,,,,,,,,,,,,,,,,,,,,,,,,,,,,,,,,,,,,,,,,,,,,,,,,,,,,,,,,,,,,,,,,,,,,,,,,,,,,,,,,,,,,,,,,,,,,,,,,,,,,,,,,,,,,,,,,,,,,,,,,,,,,,,,,,,,,,,,,,,,,,,,,,,,,,,,,,,,,,,,,,,,,,,,,,,,,,,,,,,,,,,,,,,,,,,,,,,,,,,,,,,,,,,,,,,,,,,,,,,,,,,,,,,,,,,,,,,,,,,,,,,,,,,,,,,,,,,,,,,,,,,,,,,,,,,,,,,,,,,,,,,,,,,,,,,,,,,,,,,,,,,,,,,,,,,,,,,,,,,,,,,,,,,,,,,,,,,,,,,,,,,,,,,,,,,,,,,,,,,,,,,,,,,,,,,,,,,,,,,,,,,,,,
93,Linha,,2,,,57,59,CFN ERD Zero Or More Arrow,CFN ERD Exactly One Arrow,,,,,,,,,,,,,,,,,,,,,,,,,,,,,,,,,,,,,,,,,,,,,,,,,,,,,,,,,,,,,,,,,,,,,,,,,,,,,,,,,,,,,,,,,,,,,,,,,,,,,,,,,,,,,,,,,,,,,,,,,,,,,,,,,,,,,,,,,,,,,,,,,,,,,,,,,,,,,,,,,,,,,,,,,,,,,,,,,,,,,,,,,,,,,,,,,,,,,,,,,,,,,,,,,,,,,,,,,,,,,,,,,,,,,,,,,,,,,,,,,,,,,,,,,,,,,,,,,,,,,,,,,,,,,,,,,,,,,,,,,,,,,,,,,,,,,,,,,,,,,,,,,,,,,,,,,,,,,,,,,,,,,,,,,,,,,,,,,,,,,,,,,,,,,,,,,,,,,,,,,,,,,,,,,,,,,,,,,,,,,,,,,,,,,,,,,,,,,,,,,,
94,Linha,,2,,,57,60,CFN ERD Zero Or More Arrow,CFN ERD Exactly One Arrow,,,,,,,,,,,,,,,,,,,,,,,,,,,,,,,,,,,,,,,,,,,,,,,,,,,,,,,,,,,,,,,,,,,,,,,,,,,,,,,,,,,,,,,,,,,,,,,,,,,,,,,,,,,,,,,,,,,,,,,,,,,,,,,,,,,,,,,,,,,,,,,,,,,,,,,,,,,,,,,,,,,,,,,,,,,,,,,,,,,,,,,,,,,,,,,,,,,,,,,,,,,,,,,,,,,,,,,,,,,,,,,,,,,,,,,,,,,,,,,,,,,,,,,,,,,,,,,,,,,,,,,,,,,,,,,,,,,,,,,,,,,,,,,,,,,,,,,,,,,,,,,,,,,,,,,,,,,,,,,,,,,,,,,,,,,,,,,,,,,,,,,,,,,,,,,,,,,,,,,,,,,,,,,,,,,,,,,,,,,,,,,,,,,,,,,,,,,,,,,,,,
95,Linha,,2,,,57,61,CFN ERD Zero Or More Arrow,CFN ERD Exactly One Arrow,,,,,,,,,,,,,,,,,,,,,,,,,,,,,,,,,,,,,,,,,,,,,,,,,,,,,,,,,,,,,,,,,,,,,,,,,,,,,,,,,,,,,,,,,,,,,,,,,,,,,,,,,,,,,,,,,,,,,,,,,,,,,,,,,,,,,,,,,,,,,,,,,,,,,,,,,,,,,,,,,,,,,,,,,,,,,,,,,,,,,,,,,,,,,,,,,,,,,,,,,,,,,,,,,,,,,,,,,,,,,,,,,,,,,,,,,,,,,,,,,,,,,,,,,,,,,,,,,,,,,,,,,,,,,,,,,,,,,,,,,,,,,,,,,,,,,,,,,,,,,,,,,,,,,,,,,,,,,,,,,,,,,,,,,,,,,,,,,,,,,,,,,,,,,,,,,,,,,,,,,,,,,,,,,,,,,,,,,,,,,,,,,,,,,,,,,,,,,,,,,,
96,Linha,,2,,,62,61,CFN ERD Zero Or More Arrow,CFN ERD Exactly One Arrow,,,,,,,,,,,,,,,,,,,,,,,,,,,,,,,,,,,,,,,,,,,,,,,,,,,,,,,,,,,,,,,,,,,,,,,,,,,,,,,,,,,,,,,,,,,,,,,,,,,,,,,,,,,,,,,,,,,,,,,,,,,,,,,,,,,,,,,,,,,,,,,,,,,,,,,,,,,,,,,,,,,,,,,,,,,,,,,,,,,,,,,,,,,,,,,,,,,,,,,,,,,,,,,,,,,,,,,,,,,,,,,,,,,,,,,,,,,,,,,,,,,,,,,,,,,,,,,,,,,,,,,,,,,,,,,,,,,,,,,,,,,,,,,,,,,,,,,,,,,,,,,,,,,,,,,,,,,,,,,,,,,,,,,,,,,,,,,,,,,,,,,,,,,,,,,,,,,,,,,,,,,,,,,,,,,,,,,,,,,,,,,,,,,,,,,,,,,,,,,,,,
97,Linha,,2,,,29,64,CFN ERD Exactly One Arrow,CFN ERD Zero Or More Arrow,,,,,,,,,,,,,,,,,,,,,,,,,,,,,,,,,,,,,,,,,,,,,,,,,,,,,,,,,,,,,,,,,,,,,,,,,,,,,,,,,,,,,,,,,,,,,,,,,,,,,,,,,,,,,,,,,,,,,,,,,,,,,,,,,,,,,,,,,,,,,,,,,,,,,,,,,,,,,,,,,,,,,,,,,,,,,,,,,,,,,,,,,,,,,,,,,,,,,,,,,,,,,,,,,,,,,,,,,,,,,,,,,,,,,,,,,,,,,,,,,,,,,,,,,,,,,,,,,,,,,,,,,,,,,,,,,,,,,,,,,,,,,,,,,,,,,,,,,,,,,,,,,,,,,,,,,,,,,,,,,,,,,,,,,,,,,,,,,,,,,,,,,,,,,,,,,,,,,,,,,,,,,,,,,,,,,,,,,,,,,,,,,,,,,,,,,,,,,,,,,,
98,Linha,,2,,,29,28,CFN ERD Exactly One Arrow,CFN ERD Zero Or More Arrow,,,,,,,,,,,,,,,,,,,,,,,,,,,,,,,,,,,,,,,,,,,,,,,,,,,,,,,,,,,,,,,,,,,,,,,,,,,,,,,,,,,,,,,,,,,,,,,,,,,,,,,,,,,,,,,,,,,,,,,,,,,,,,,,,,,,,,,,,,,,,,,,,,,,,,,,,,,,,,,,,,,,,,,,,,,,,,,,,,,,,,,,,,,,,,,,,,,,,,,,,,,,,,,,,,,,,,,,,,,,,,,,,,,,,,,,,,,,,,,,,,,,,,,,,,,,,,,,,,,,,,,,,,,,,,,,,,,,,,,,,,,,,,,,,,,,,,,,,,,,,,,,,,,,,,,,,,,,,,,,,,,,,,,,,,,,,,,,,,,,,,,,,,,,,,,,,,,,,,,,,,,,,,,,,,,,,,,,,,,,,,,,,,,,,,,,,,,,,,,,,,
99,Linha,,2,,,29,63,CFN ERD Exactly One Arrow,CFN ERD Zero Or More Arrow,,,,,,,,,,,,,,,,,,,,,,,,,,,,,,,,,,,,,,,,,,,,,,,,,,,,,,,,,,,,,,,,,,,,,,,,,,,,,,,,,,,,,,,,,,,,,,,,,,,,,,,,,,,,,,,,,,,,,,,,,,,,,,,,,,,,,,,,,,,,,,,,,,,,,,,,,,,,,,,,,,,,,,,,,,,,,,,,,,,,,,,,,,,,,,,,,,,,,,,,,,,,,,,,,,,,,,,,,,,,,,,,,,,,,,,,,,,,,,,,,,,,,,,,,,,,,,,,,,,,,,,,,,,,,,,,,,,,,,,,,,,,,,,,,,,,,,,,,,,,,,,,,,,,,,,,,,,,,,,,,,,,,,,,,,,,,,,,,,,,,,,,,,,,,,,,,,,,,,,,,,,,,,,,,,,,,,,,,,,,,,,,,,,,,,,,,,,,,,,,,,
100,Linha,,2,,,64,28,CFN ERD Zero Or More Arrow,CFN ERD Exactly One Arrow,,,,,,,,,,,,,,,,,,,,,,,,,,,,,,,,,,,,,,,,,,,,,,,,,,,,,,,,,,,,,,,,,,,,,,,,,,,,,,,,,,,,,,,,,,,,,,,,,,,,,,,,,,,,,,,,,,,,,,,,,,,,,,,,,,,,,,,,,,,,,,,,,,,,,,,,,,,,,,,,,,,,,,,,,,,,,,,,,,,,,,,,,,,,,,,,,,,,,,,,,,,,,,,,,,,,,,,,,,,,,,,,,,,,,,,,,,,,,,,,,,,,,,,,,,,,,,,,,,,,,,,,,,,,,,,,,,,,,,,,,,,,,,,,,,,,,,,,,,,,,,,,,,,,,,,,,,,,,,,,,,,,,,,,,,,,,,,,,,,,,,,,,,,,,,,,,,,,,,,,,,,,,,,,,,,,,,,,,,,,,,,,,,,,,,,,,,,,,,,,,,
101,Linha,,2,,,28,63,CFN ERD Exactly One Arrow,CFN ERD Zero Or More Arrow,,,,,,,,,,,,,,,,,,,,,,,,,,,,,,,,,,,,,,,,,,,,,,,,,,,,,,,,,,,,,,,,,,,,,,,,,,,,,,,,,,,,,,,,,,,,,,,,,,,,,,,,,,,,,,,,,,,,,,,,,,,,,,,,,,,,,,,,,,,,,,,,,,,,,,,,,,,,,,,,,,,,,,,,,,,,,,,,,,,,,,,,,,,,,,,,,,,,,,,,,,,,,,,,,,,,,,,,,,,,,,,,,,,,,,,,,,,,,,,,,,,,,,,,,,,,,,,,,,,,,,,,,,,,,,,,,,,,,,,,,,,,,,,,,,,,,,,,,,,,,,,,,,,,,,,,,,,,,,,,,,,,,,,,,,,,,,,,,,,,,,,,,,,,,,,,,,,,,,,,,,,,,,,,,,,,,,,,,,,,,,,,,,,,,,,,,,,,,,,,,,